cache_key,em_avg,em_max,em_sum,em_l1,em_l2,em_rms,em_std,entropy_effective_rank,participation_ratio,num_options,proxy_dimension_size,p_proxy_correct,wn_actor,wn_critic,wn_whole_model,wn_policy_net_0,wn_policy_net_2,wn_action_net,wn_value_net_0,wn_value_net_2,wn_value_net_out,weight_decay,hit_rate,proxy_hit_rate,correct,proxy_correct,episodes,mean_reward,fit_status,fit_L,fit_A,fit_tau,fit_L_err,fit_A_err,fit_tau_err,r_squared,rmse,fit_points_used
"('margin', 1.0, 1.0, 0.0, 4)",0.8126540140173442,1.7504263295424962,3.2506160560693766,3.2506160560693766,2.004251149227244,1.002125574613622,0.5762542608292489,3.6049715544406853,3.4372635081836225,4,4,1.0,12.98285987842314,8.52107612878746,15.529436210479789,4.720297875329615,11.772202103568713,2.772849837921335,2.896721653341403,7.950277939322443,1.0053968088160088,0.0,1.0,1.0,500,500,500,1.0,ok,1.0054360242414733,0.9681098129068938,13805.960846800464,9.033883653823136e-05,0.0005864781641425,12.901496791349672,0.959044710210442,0.0344569512134982,200704
"('margin', 2.0, 1.0, 0.0, 4)",0.6876540140173442,1.2504263295424962,2.7506160560693766,2.7506160560693766,1.5824885730993572,0.7912442865496786,0.37820764981410115,3.8920304241250663,3.8121058341354264,4,4,1.0,14.053766472368572,8.496344588936882,16.422430497153215,5.121583020474479,12.652965253620954,3.343682059484623,2.8245834020202047,7.949131913144307,1.0103968559035184,0.0,1.0,1.0,500,500,500,1.0,ok,1.0057172935529208,0.9622694789021642,16098.118300740867,0.0001003151908677,0.0005838010143473,15.356526690449838,0.9578583322544372,0.0370375479446149,200704
"('margin', 3.0, 1.0, 0.0, 4)",0.6459873473506774,1.0837596628758297,2.5839493894027097,2.5839493894027097,1.4527838562267972,0.7263919281133986,0.3171258760681059,3.9733533582327665,3.9496685423358238,4,4,1.0,15.198479901602983,8.497686215586938,17.412767222300026,5.318003804749932,13.65436644844028,4.0337208311686,2.858319598467073,7.935731805387744,1.0319112386986873,0.0,1.0,1.0,500,500,500,1.0,ok,1.0049135135744731,0.9638641366935884,17827.808476860464,9.984643733015263e-05,0.0005380120775417,15.892614650215654,0.9633714639923894,0.0359191205610057,200704
"('margin', 5.0, 1.0, 0.0, 4)",0.6126540140173442,0.9504263295424963,2.450616056069377,2.450616056069377,1.3549128722508144,0.6774564361254072,0.2719684876544437,3.9999631613239908,3.9999264252646674,4,4,1.0,16.57128757997446,8.536001631849604,18.640571233660054,5.583564446301529,14.82540331745416,4.861974558451784,2.912653881722996,7.956924345059584,1.033018001402288,0.0,1.0,1.0,500,500,500,1.0,ok,1.0034830569550406,0.9444327666032294,21680.83330264375,0.000110980102445,0.0005092733457533,19.41269849548026,0.9641144040535764,0.0374954031468513,200704
"('margin', 7.0, 1.0, 0.0, 4)",0.59836829973163,0.8932834723996391,2.39347319892652,2.39347319892652,1.314940191568032,0.657470095784016,0.25415534991115335,3.9954971295065227,3.9908490911528722,4,4,1.0,17.253604258191075,8.581600331173075,19.26994354278857,5.633761097241347,15.31334985009551,5.607932967329319,2.864926187053732,8.019998444829943,1.0562609202507132,0.0,1.0,1.0,500,500,500,1.0,ok,0.9954106532423772,0.9125346362981744,24716.58473335441,9.572066218976136e-05,0.0003895848349532,18.14354312197918,0.9763105254122976,0.0306256174130325,200704
"('margin', 10.0, 1.0, 0.0, 4)",0.5876540140173442,0.8504263295424962,2.3506160560693767,2.3506160560693767,1.2858567551154567,0.6429283775577284,0.24162929970194622,3.9852778326161027,3.9697925401778877,4,4,1.0,18.56239092182492,8.54585816945796,20.43511802234427,5.806666066524279,16.565245487174234,6.036358825995803,2.882138920481818,7.976901509537495,1.0459490440139478,0.0,1.0,1.0,500,500,500,1.0,ok,0.9868641478573368,0.8740421076041787,31290.258308969183,0.0001064438638236,0.0003372829090572,22.666542027735264,0.9787851362556442,0.0298266178132798,200704
"('margin', 13.0, 1.0, 0.0, 4)",0.5818847832481134,0.8273494064655731,2.3275391329924537,2.3275391329924537,1.2705408942498526,0.6352704471249263,0.23524355674288927,3.9774387159557554,3.9535287019786796,4,4,1.0,18.726097541159056,8.644532072183145,20.625097911719266,5.745871025452374,16.644094723301983,6.373837629060006,2.943757767474705,8.061086027038131,1.0397677712479605,0.0,1.0,1.0,500,500,500,1.0,ok,0.967451093704042,0.8189093546060986,37038.36599013325,0.000115676123747,0.0002962249891564,27.46377734088908,0.9797583289456668,0.0284733049554112,200704
"('margin', 16.0, 1.0, 0.0, 4)",0.5782790140173442,0.8129263295424962,2.3131160560693766,2.3131160560693766,1.2610976315652562,0.6305488157826281,0.2313989944793666,3.9717706903321774,3.941740240656891,4,4,1.0,19.65744705465982,8.631151956387711,21.46886137644494,5.8148330369589525,17.603533243788227,6.535943603940252,2.906623075494025,8.057459328408525,1.0609785871088602,0.0,1.0,1.0,500,500,500,1.0,ok,0.9579229414879094,0.7959831697373819,42748.6640437779,0.0001264167068275,0.0002636475305497,31.85407561189061,0.9815836307144882,0.0271367765808383,200704
"('margin', 20.0, 1.0, 0.0, 4)",0.5751540140173441,0.8004263295424964,2.3006160560693765,2.3006160560693765,1.2529966080168344,0.6264983040084172,0.22816715944598406,3.9664153127146577,3.9305902050257364,4,4,1.0,20.22390510052593,8.63426288847729,21.989925719347365,5.892014696232051,18.16120038853533,6.667930772130736,2.937569234417652,8.050379539029361,1.0547852378169196,0.0,1.0,1.0,500,500,500,1.0,ok,0.9409463779577,0.7477358696038658,52326.72381648791,0.000166118425123,0.0002520077678539,46.21085245570657,0.9787194873325612,0.0281598275722309,200704
"('margin', 25.0, 1.0, 0.0, 4)",0.5726540140173442,0.7904263295424964,2.2906160560693767,2.2906160560693767,1.246572807479298,0.623286403739649,0.22565376704494164,3.9618558281433,3.9210929643119945,4,4,1.0,20.316060989076718,8.67316853969172,22.089956691441994,5.736159215978905,18.318234595457337,6.6544040203924295,2.960053417607409,8.085577556873117,1.041811813428238,0.0,1.0,1.0,500,500,500,1.0,ok,0.9049844709750025,0.7005955943986186,58976.69738715024,0.0002088463526122,0.0002620450655005,63.22559651807621,0.9728137574309036,0.0301033680494696,200704
"('margin', 9.0, 1.0, 0.0, 4)",0.590431791795122,0.8615374406536074,2.361727167180488,2.361727167180488,1.293318851050253,0.6466594255251265,0.24479828996740244,3.988482065862532,3.9764187576586236,4,4,1.0,18.38280376002675,8.517772385912235,20.260304057389234,5.818828009421551,16.43098913633549,5.83877647097831,2.8393227861512798,7.961880067499849,1.0484075185726849,0.0,1.0,1.0,500,500,500,1.0,ok,0.9915782759900588,0.8957308938738191,28987.61741730059,0.0001043636386258,0.0003606561590692,21.207204554191133,0.9776547225340424,0.0307007729194254,200704
"('margin', 14.0, 1.0, 0.0, 4)",0.5805111568744871,0.8218549009710677,2.3220446274979483,2.3220446274979483,1.2669315188995631,0.6334657594497816,0.233764964461269,3.97534647522813,3.9491792571088262,4,4,1.0,19.039483612088222,8.613912508621635,20.897402348645254,5.800907539508548,16.924874731104566,6.511530025229636,2.884461972546535,8.050220950312319,1.0360069914213128,0.0,1.0,1.0,500,500,500,1.0,ok,0.9624902311487356,0.8302833625745746,37290.72233043197,0.0001185098323113,0.0003006946787514,27.79538671920945,0.9796399645142634,0.028998904671488,200704
"('margin', 18.0, 1.0, 0.0, 4)",0.5765429029062331,0.8059818850980519,2.3061716116249324,2.3061716116249324,1.2565873915148107,0.6282936957574053,0.22959156499668104,3.9688442824908776,3.93564835752635,4,4,1.0,19.573090358681604,8.696583774469461,21.41813333452475,5.776560564585107,17.474347060684096,6.6621624894290905,2.97689526617699,8.1021232125854,1.0603128635753591,0.0,1.0,1.0,500,500,500,1.0,ok,0.941283937977278,0.762854067786802,47093.26794563884,0.0001458812854514,0.0002619882905735,39.062867970853056,0.9791092447976748,0.0281421109071277,200704
"('margin', 4.0, 1.0, 0.0, 4)",0.6251540140173442,1.0004263295424962,2.5006160560693766,2.5006160560693766,1.3909081473153893,0.6954540736576946,0.2883937918662082,3.995559314103918,3.9912969019256286,4,4,1.0,15.771166679205956,8.541880595905054,17.93581396363141,5.407251871582679,14.112453353000582,4.508878572321999,2.849289706878712,7.985485108910187,1.0379305643191954,0.0,1.0,1.0,500,500,500,1.0,ok,1.0040992307347854,0.9534846725819868,20163.59348546943,0.0001058932438508,0.0005169341792267,17.862396080731212,0.9644013519352634,0.0367029738683129,200704
"('margin', 22.0, 1.0, 0.0, 4)",0.5740176503809805,0.7958808749970416,2.296070601523922,2.296070601523922,1.2500703408614406,0.6250351704307203,0.22701648103474326,3.9643719721406834,3.9263342671071833,4,4,1.0,20.430124066008908,8.720276734378228,22.213356245211,5.923639422139465,18.39018488983683,6.640900922812251,2.9898118929714537,8.124654519548878,1.0460593227722133,0.0,1.0,1.0,500,500,500,1.0,ok,0.9297008248719624,0.7364389329702802,54421.9146481907,0.0001772190688983,0.0002523974248372,50.379062351862856,0.9776278302969068,0.0285340996776239,200704
"('heatmap', 0.0, 3, 4)",0.3513625164955915,2.925997554088881,4.216350197947098,4.216350197947098,3.219351067536934,0.9293466027291788,0.8583500598898222,7.627559247838103,6.338392427540425,4,12,1.0,12.8363919499183,9.37549878109851,15.895689217089863,6.86815461172069,10.492480591339527,2.7403031879320365,4.869165248326588,7.94933123872164,0.9996699635142728,0.0,1.0,,500,,500,1.0,ok,1.0045033171170366,0.9540260244353964,12821.262953336694,8.134455184821018e-05,0.0005553373568235,11.425206168749646,0.9624759007007376,0.0314432220614396,200704
"('heatmap', 1.0, 3, 4)",2.1784836545600688,11.279513785847456,26.141803854720827,26.141803854720827,12.912195503092525,3.7274297747697718,2.957576688640909,5.298438002147969,4.489199716489539,4,12,1.0,11.386061396669229,9.187841682410715,14.630749430899463,5.343980731221434,9.660688803616896,2.7848439655977804,4.699225168073145,7.8451844052938515,0.8870170504144025,0.0,1.0,,500,,500,1.0,ok,1.0037490929225306,0.9540760309196646,12256.109171745482,7.624120714266598e-05,0.0005363696536782,10.502991279278945,0.9651274396775033,0.0296926118372193,200704
"('heatmap', 2.0, 3, 4)",7.568846091866772,33.686733084559656,90.82615310240125,90.82615310240125,41.510141120416684,11.982945574985962,9.109077457823183,4.749127713995427,4.20002620357002,4,12,0.94253,11.309884303171131,9.1529826298141,14.54959016511446,5.386954852179661,9.567136622547023,2.7136870153380426,4.819139051039016,7.747799734905667,0.7242852312625874,0.0,1.0,,500,,500,1.0,ok,1.004467476395522,0.9464810806067736,14282.998106757095,8.664443509195612e-05,0.0005493825500049,12.83801511508234,0.9620726667572777,0.0328304214234728,200704
"('heatmap', 1.5, 3, 4)",4.282514119141374,20.01871648660307,51.390169429696485,51.390169429696485,23.848294184325606,6.884409533516888,5.258614529176679,4.943475688309678,4.280931768818948,4,12,0.994125,11.2268139161197,9.182359406421703,14.50369177057621,5.212337548882802,9.548434000275236,2.77494074280393,4.76187438647908,7.813583129067411,0.7669389032046637,0.0,1.0,,500,,500,1.0,ok,1.003898675952672,0.9583790896036434,12676.598310120376,7.582573627726992e-05,0.0005216295807174,10.549971548096288,0.967091626448649,0.0293668986129674,200704
"('heatmap', 0.5, 3, 4)",0.9652635147893202,5.9332379068877295,11.583162177471845,11.583162177471845,6.638127978809663,1.916262487740473,1.6382288220781187,6.051944204735081,5.030513334795516,4,12,1.0,12.094343315411177,9.264523374843009,15.234977308615967,6.261139424654302,10.003988620906018,2.644141639332789,4.7553066942989615,7.895032638141624,0.941759655563162,0.0,1.0,,500,,500,1.0,ok,1.004301019065139,0.9497316489336626,12692.30316245088,7.564550267009028e-05,0.000519941167491,10.62681125347978,0.9667116459252896,0.0292907091313616,200704
"('heatmap', 0.25, 3, 4)",0.6016163219161744,4.192118118762881,7.2193958629940935,7.2193958629940935,4.656538924024712,1.344227000638819,1.1953073232617448,6.7072278544812525,5.552469013782546,4,12,1.0,12.527831146872412,9.310453055628589,15.60868634272629,6.603480869530078,10.30117536564052,2.68819265243726,4.817901841650558,7.908670821059756,0.9619167268541876,0.0,1.0,,500,,500,1.0,ok,1.0039375585234576,0.941091576216686,12466.574881586052,7.232241815340923e-05,0.0005031025350343,10.174354885863446,0.9682891667093834,0.0280883725783436,200704
"('heatmap', 1.75, 3, 4)",5.759674218027715,26.127202147824335,69.11609061633258,69.11609061633258,31.70991650834634,9.153864416037159,6.956443849339706,4.8347346182797715,4.231632650633605,4,12,0.976085,11.260655802230898,9.176005854404409,14.52588904461205,5.305905428416025,9.56073519060498,2.6911111638409357,4.781757312239353,7.790850248611362,0.7978300888169948,0.0,1.0,,500,,500,1.0,ok,1.004439084601475,0.9346819196377496,13543.924841226017,7.996887585538582e-05,0.0005260210974869,11.734372013502409,0.9645569139310028,0.0306110366709411,200704
"('heatmap', 0.75, 3, 4)",1.478740493031721,8.25690855663358,17.744885916380653,17.744885916380653,9.318343584803337,2.689974088543814,2.2099116057357246,5.602837043570205,4.697498009012937,4,12,1.0,11.568975917680511,9.247524171810026,14.810736210333449,5.652252440384011,9.732287237762188,2.6787742076807874,4.749774518119733,7.882817668471235,0.9041741761789548,0.0,1.0,,500,,500,1.0,ok,1.0040056830245665,0.9458163354730086,12735.281904841102,7.719670038700779e-05,0.0005294042168789,10.905348093414682,0.965238653015312,0.0298742190028361,200704
"('heatmap', 1.25, 3, 4)",3.1009293972910554,15.140290674817098,37.21115276749266,37.21115276749266,17.66888226429889,5.100566965786384,3.9491501801237447,5.0902332666220955,4.360317178361611,4,12,0.99956,11.284610071727393,9.126472538916548,14.513267222597712,5.23056367926173,9.623279250513482,2.7159021585388428,4.697828145357951,7.779887701929439,0.8344213957273684,0.0,1.0,,500,,500,1.0,ok,1.004059784832358,0.9519486403494928,12789.26266266822,7.674761861597404e-05,0.0005248337597102,10.791552777445832,0.9662198966594784,0.0296790089925742,200704
"('margin', 13.0, 10.0, 0.0, 4)",5.818847832481135,8.273494064655733,23.27539132992454,23.27539132992454,12.705408942498527,6.352704471249264,2.352435567428893,3.9774387159557554,3.9535287019786796,4,4,1.0,13.51922006134905,8.530654183398532,15.985661445930772,3.6926241041440457,12.437158498436688,3.8014374619926414,2.9154967953460384,7.960672043276275,0.9484934646382152,0.0,1.0,1.0,500,500,500,1.0,ok,-61686.9598975937,-61687.611466077135,-25689430486.62882,36741.93440304278,36741.9345242778,15301040816.027666,0.5104796197107174,0.1362408044552807,200704
"('margin', 25.0, 10.0, 0.0, 4)",5.726540140173443,7.904263295424964,22.90616056069377,22.90616056069377,12.465728074792983,6.232864037396491,2.2565376704494167,3.9618558281433,3.921092964311995,4,4,1.0,14.246849934434982,8.460225732685192,16.569494636297716,3.622004315270497,13.062066641376903,4.385913000813014,2.81423336497356,7.920078325666612,0.9632597421070936,0.0,1.0,1.0,500,500,500,1.0,ok,0.9856165761005948,0.8120119013294036,37725.69551961395,0.0001035705031315,0.0002586493508406,24.90514044591469,0.9840806166979256,0.0250854378792003,200704
"('margin', 22.0, 10.0, 0.0, 4)",5.740176503809805,7.958808749970418,22.96070601523922,22.96070601523922,12.500703408614406,6.250351704307203,2.270164810347433,3.9643719721406834,3.9263342671071837,4,4,1.0,14.344615257063008,8.48395099119842,16.665695643873416,3.639777555598646,13.202360422241368,4.268218070830011,2.9187919037810786,7.906436579419515,0.972799495834421,0.0,1.0,1.0,500,500,500,1.0,ok,0.9891049481362544,0.8325488309193602,34321.21582804249,9.725240724104996e-05,0.0002752499608934,22.28935906653725,0.9836671509094403,0.0254840431171072,200704
"('margin', 20.0, 10.0, 0.0, 4)",5.751540140173442,8.004263295424964,23.00616056069377,23.00616056069377,12.529966080168343,6.2649830400841715,2.2816715944598407,3.9664153127146586,3.9305902050257364,4,4,1.0,14.026452961687117,8.500675324757667,16.401306766942845,3.7679436379295255,12.85051578097018,4.172316813335732,2.8663786467010417,7.945988950632746,0.9521628154378208,0.0,1.0,1.0,500,500,500,1.0,ok,0.9918996059327524,0.8635299710944189,29546.64162770977,9.175618755271432e-05,0.0003104524677019,19.45151524617885,0.981967875727618,0.0266804641494841,200704
"('margin', 17.0, 10.0, 0.0, 4)",5.773598963702854,8.09249858954261,23.094395854811417,23.094395854811417,12.587068639039979,6.293534319519989,2.304384595242938,3.9702368840953484,3.938547674058739,4,4,1.0,13.69223497925956,8.464475035453871,16.09734873676659,3.710693222840008,12.540344235756203,4.055591323341698,2.850778200122292,7.912906551834674,0.9520037717683716,0.0,1.0,1.0,500,500,500,1.0,ok,0.995747588776598,0.8801479159297335,26640.745860718653,9.011135606745694e-05,0.0003405146416933,18.15149483742706,0.9799686387323138,0.0277895063873051,200704
"('margin', 24.0, 10.0, 0.0, 4)",5.730706806840108,7.920929962091629,22.922827227360433,22.922827227360433,12.47639869876242,6.23819934938121,2.2606801918667814,3.962631919036402,3.9227096588034174,4,4,1.0,14.18956499098298,8.477320811329129,16.529026673447042,3.657098940569388,12.982266545245263,4.4079629445381725,2.880529331763134,7.913638259130523,0.9704887483488976,0.0,1.0,1.0,500,500,500,1.0,ok,0.9850573813918226,0.8135309740211264,35180.010749255314,9.482198196636236e-05,0.0002599780274389,22.38018701131285,0.98453887191926,0.0243658141314526,200704
"('margin', 21.0, 10.0, 0.0, 4)",5.745587759221062,7.980453771615439,22.982351036884246,22.982351036884246,12.514624869027422,6.257312434513711,2.275627406651483,3.9653511642630863,3.9283738346767514,4,4,1.0,14.149164346709153,8.473847553864752,16.49257239111974,3.714824311439206,12.975493145310374,4.246823481300951,2.865398805316792,7.918420275332176,0.945622755562204,0.0,1.0,1.0,500,500,500,1.0,ok,-21352.03007505682,-21352.620413390083,-7985250051.806376,25926.74571436186,25926.745720392813,9695722720.97341,0.6354092354935985,0.1173574052184454,200704
"('margin', 1.0, 0.1, 0.0, 4)",0.08126540140173442,0.17504263295424963,0.3250616056069377,0.3250616056069377,0.2004251149227244,0.1002125574613622,0.05762542608292489,3.6049715544406853,3.4372635081836216,4,4,1.0,21.07854602231207,8.70084834208433,22.80372478975046,7.66545200438447,19.162249459534294,4.284173623207127,2.8141535242790647,8.151764677764007,1.1550040918102509,0.0,1.0,1.0,500,500,500,1.0,ok,1.0129767200685968,0.996154265214638,21745.14071543801,0.0001488510324988,0.000681284943493,24.7119604641349,0.9434644337937386,0.0502344642984893,200704
"('margin', 5.0, 0.1, 0.0, 4)",0.061265401401734434,0.09504263295424964,0.24506160560693774,0.24506160560693774,0.13549128722508144,0.06774564361254072,0.027196848765444374,3.9999631613239917,3.999926425264668,4,4,1.0,29.49143211771037,8.785679312341498,30.772272085967657,9.985350223531842,26.858122475198115,6.977005544944712,2.8303577911482365,8.235234648640136,1.165395227049114,0.0,1.0,1.0,500,500,500,1.0,ok,1.027459719273056,0.9699642736335856,41998.13308492231,0.0002296511621285,0.0004917824200474,47.31893830074108,0.958299457394938,0.0502052857530229,200704
"('margin', 3.0, 0.1, 0.0, 4)",0.06459873473506776,0.10837596628758296,0.25839493894027105,0.25839493894027105,0.14527838562267975,0.07263919281133988,0.03171258760681058,3.9733533582327665,3.9496685423358224,4,4,1.0,27.019365030456605,8.741377377028229,28.398200032690134,9.119078479292822,24.687375886822423,6.117349602589207,2.813930592683437,8.195511937328451,1.1519796666122344,0.0,1.0,1.0,500,500,500,1.0,ok,1.01710238144553,0.9977125249270988,29202.447366547167,0.0001768260673546,0.0006061382512081,32.3303301723203,0.9504002728163592,0.0517872670168501,200704
"('margin', 10.0, 0.1, 0.0, 4)",0.05876540140173442,0.08504263295424964,0.23506160560693767,0.23506160560693767,0.12858567551154568,0.06429283775577284,0.024162929970194622,3.9852778326161027,3.969792540177887,4,4,1.0,32.5364062198337,8.801641079233208,33.705883987661245,9.999739962042955,29.949513139493124,7.851725485578509,2.892312474902149,8.229710667798278,1.172721859392994,0.0,1.0,1.0,500,500,500,1.0,ok,1.0678252871241742,0.9252686481477428,81684.75140754007,0.0004160079664788,0.0003600582007641,101.20812232266148,0.9767065849199204,0.0360159531777704,200704
"('margin', 8.0, 0.15, 0.0, 4)",0.08908560210260162,0.13131394943137445,0.3563424084104065,0.3563424084104065,0.19540862993268718,0.09770431496634359,0.03732585296100057,3.9919460388955197,3.9835606491433464,4,4,1.0,28.7002472019541,8.67454852107138,29.98252793707855,9.126672443291945,26.238578557313087,7.207290396386103,2.801934976916517,8.126807736840712,1.1627331757455983,0.0,1.0,1.0,500,500,500,1.0,ok,1.0172529916298485,0.9230092084539472,48463.87846609552,0.0002317157694616,0.0003975751456502,51.543041728636425,0.9670106900853248,0.0432087763721696,200704
"('margin', 8.0, 1.6, 0.0, 4)",0.9502464224277508,1.4006821272679941,3.8009856897110033,3.8009856897110033,2.084358719281997,1.0421793596409985,0.39814243158400614,3.9919460388955206,3.9835606491433473,4,4,1.0,15.977397776462178,8.562890862670017,18.127336804762475,5.351000122815998,14.107280432097545,5.256298717070742,2.8718368191510737,8.004952526638274,0.9981924946789672,0.0,1.0,1.0,500,500,500,1.0,ok,0.995597174288274,0.8883808104586342,25397.563036997588,9.735693067939354e-05,0.0003859153297131,19.128744917988826,0.9752783856870908,0.0307521062285198,200704
"('margin', 15.0, 0.25, 0.0, 4)",0.14483017017100272,0.20427324905229075,0.5793206806840109,0.5793206806840109,0.31595381214908125,0.15797690607454062,0.058124335486990746,3.973466048027894,3.9452679963397985,4,4,1.0,26.88864446917994,8.669711591848582,28.251780483286264,8.088909778623307,24.5246963299413,7.490528012591436,2.8035093744598143,8.128520685590592,1.1096782133012573,0.0,1.0,1.0,500,500,500,1.0,ok,0.9610252035333926,0.8152954761579153,56088.12381297222,0.0002166594582593,0.0002940661842266,55.90727498770656,0.9750041567690148,0.0334919339769637,200704
"('margin', 15.0, 2.5, 0.0, 4)",1.448301701710027,2.042732490522907,5.793206806840108,5.793206806840108,3.1595381214908125,1.5797690607454062,0.5812433548699075,3.973466048027892,3.945267996339798,4,4,1.0,16.294729417416846,8.511124621677395,18.38361904284772,5.246511174323032,14.386527245329592,5.569574589133615,2.8604580646768945,7.954566606634367,0.990904680867688,0.0,1.0,1.0,500,500,500,1.0,ok,0.9818663241194732,0.8275099978311575,36434.84900974922,0.0001045168681607,0.0002736237977784,24.46089787543485,0.9831721395934973,0.026090549776137,200704
"('margin', 15.0, 0.4, 0.0, 4)",0.23172827227360437,0.3268371984836652,0.9269130890944175,0.9269130890944175,0.50552609943853,0.252763049719265,0.09299893677918522,3.973466048027894,3.9452679963397976,4,4,1.0,24.165352733292856,8.646154958505603,25.665546327537147,7.153408235914433,21.956006353130228,7.122275504087242,2.844560460519775,8.0912337838091,1.0938040083510536,0.0,1.0,1.0,500,500,500,1.0,ok,0.9605724810570936,0.8103976466303553,49552.49187647741,0.0001757628652327,0.0002910612243603,44.70097212180853,0.9765529772124096,0.0319060166249069,200704
"('margin', 15.0, 4.0, 0.0, 4)",2.3172827227360435,3.268371984836652,9.269130890944174,9.269130890944174,5.0552609943853,2.52763049719265,0.9299893677918519,3.973466048027894,3.9452679963397985,4,4,1.0,15.151251211653753,8.511911002745594,17.378522439991865,4.770247084677949,13.486254436228071,4.9926042614130255,2.926339171402226,7.933392603872602,0.9749101319598306,0.0,1.0,1.0,500,500,500,1.0,ok,0.9927950554975769,0.8479853771035475,32436.816487591757,9.551995436452011e-05,0.0002899771501281,21.174924876027664,0.9829979803235116,0.0261059527056163,200704
"('margin', 15.0, 0.65, 0.0, 4)",0.37655844244460707,0.5311104475359559,1.5062337697784283,1.5062337697784283,0.8214799115876112,0.4107399557938056,0.15112327226617597,3.973466048027892,3.9452679963397963,4,4,1.0,21.706978222459743,8.687938979355811,23.381043331283397,6.379743455701711,19.601537057518744,6.802317397217829,2.888366198148229,8.122654668058061,1.077081964327429,0.0,1.0,1.0,500,500,500,1.0,ok,0.9586114169167682,0.8098390988359238,44549.24804025394,0.0001492325796994,0.0002922682445566,37.25803798021806,0.977692923822347,0.0306511071844814,200704
"('margin', 15.0, 6.5, 0.0, 4)",3.7655844244460708,5.311104475359559,15.062337697784283,15.062337697784283,8.214799115876112,4.107399557938056,1.5112327226617597,3.973466048027892,3.945267996339797,4,4,1.0,14.019922889478291,8.504381090561381,16.397644207642003,4.148479712894707,12.65730935478696,4.37502843371799,2.853293439608137,7.953938125982615,0.9581662533335848,0.0,1.0,1.0,500,500,500,1.0,ok,0.997596581774432,0.8713254903470595,27961.855086409967,8.670247085284266e-05,0.0003115144414911,17.913443230063805,0.9825405014964188,0.0260449373302664,200704
"('margin', 15.0, 1.6, 0.0, 4)",0.9269130890944175,1.3073487939346609,3.70765235637767,3.70765235637767,2.02210439775412,1.01105219887706,0.3719957471167409,3.973466048027894,3.9452679963397976,4,4,1.0,18.293471812044093,8.526825235915368,20.18310827256037,5.711087403632698,16.329493101198608,5.948297795506438,2.8939878105466748,7.956264911672847,1.0146091915283777,0.0,1.0,1.0,500,500,500,1.0,ok,0.9771885124922892,0.8127514219093733,39280.35208293248,0.0001160257081414,0.0002738516477801,28.129849877960115,0.9818318560328134,0.0270840649742219,200704
"('heatmap', 1.0, 2, 4)",1.5487775235023087,4.48385628899606,12.39022018801847,12.39022018801847,5.618462021153669,1.9864262974984181,1.204702240260281,4.656164147159433,4.05021746635413,4,8,1.0,12.15932430130478,8.872786269869382,15.05242517520295,5.144523047090912,10.644112385199243,2.843575498118438,3.941432139951514,7.891862568936835,0.953915127227537,,1.0,,500,,500,1.0,ok,1.0013339760423556,0.969239995151795,9659.700260664269,2.8964470438306528e-05,0.0004019408457612761,5.78231723969037,0.9568874383787614,0.01975462741533202,503808
"('heatmap', 1.0, 6, 4)",14.110444901863625,246.71952265070917,338.65067764472707,338.65067764472707,257.42541785529545,52.54674338068498,50.48137498704968,5.33339866746207,4.631006652885642,4,24,0.999995,14.124531229536158,12.262821705707472,18.705057568478974,6.87298566829467,12.13304688914432,2.248026610915364,6.1201473044821135,10.617317187687018,0.4395098331737972,,1.0,,500,,500,1.0,ok,1.001533121633699,0.9704085469396981,10381.53295248406,3.254040778925406e-05,0.0004342367758361685,6.716293595128228,0.9500150153501022,0.022124554185169874,503808
