test,x,seed,phase,hits_per_run,chose_fixed,chose_variable,y_hat
margin_vs_margin_baseline,1.0,0,bracket,400,0,400,1.0
margin_vs_margin_baseline,1.0,1,bracket,400,0,400,1.0
margin_vs_margin_baseline,0.5,2,bracket,400,400,0,0.0
margin_vs_margin_baseline,0.5,3,bracket,400,400,0,0.0
margin_vs_margin_baseline,0.5,4,dense,400,400,0,0.0
margin_vs_margin_baseline,0.5,5,dense,400,400,0,0.0
margin_vs_margin_baseline,0.5,6,dense,400,400,0,0.0
margin_vs_margin_baseline,0.5,7,dense,400,400,0,0.0
margin_vs_margin_baseline,0.5,8,dense,400,400,0,0.0
margin_vs_margin_baseline,0.5,9,dense,400,400,0,0.0
margin_vs_margin_baseline,0.5,10,dense,400,400,0,0.0
margin_vs_margin_baseline,0.5,11,dense,400,400,0,0.0
margin_vs_margin_baseline,0.5520447568369061,12,dense,400,400,0,0.0
margin_vs_margin_baseline,0.5520447568369061,13,dense,400,400,0,0.0
margin_vs_margin_baseline,0.5520447568369061,14,dense,400,400,0,0.0
margin_vs_margin_baseline,0.5520447568369061,15,dense,400,400,0,0.0
margin_vs_margin_baseline,0.5520447568369061,16,dense,400,400,0,0.0
margin_vs_margin_baseline,0.5520447568369061,17,dense,400,400,0,0.0
margin_vs_margin_baseline,0.5520447568369061,18,dense,400,400,0,0.0
margin_vs_margin_baseline,0.5520447568369061,19,dense,400,400,0,0.0
margin_vs_margin_baseline,0.6095068271022377,20,dense,400,400,0,0.0
margin_vs_margin_baseline,0.6095068271022377,21,dense,400,400,0,0.0
margin_vs_margin_baseline,0.6095068271022377,22,dense,400,400,0,0.0
margin_vs_margin_baseline,0.6095068271022377,23,dense,400,400,0,0.0
margin_vs_margin_baseline,0.6095068271022377,24,dense,400,400,0,0.0
margin_vs_margin_baseline,0.6095068271022377,25,dense,400,400,0,0.0
margin_vs_margin_baseline,0.6095068271022377,26,dense,400,400,0,0.0
margin_vs_margin_baseline,0.6095068271022377,27,dense,400,400,0,0.0
margin_vs_margin_baseline,0.6729500963161781,28,dense,400,400,0,0.0
margin_vs_margin_baseline,0.6729500963161781,29,dense,400,400,0,0.0
margin_vs_margin_baseline,0.6729500963161781,30,dense,400,400,0,0.0
margin_vs_margin_baseline,0.6729500963161781,31,dense,400,400,0,0.0
margin_vs_margin_baseline,0.6729500963161781,32,dense,400,400,0,0.0
margin_vs_margin_baseline,0.6729500963161781,33,dense,400,400,0,0.0
margin_vs_margin_baseline,0.6729500963161781,34,dense,400,400,0,0.0
margin_vs_margin_baseline,0.6729500963161781,35,dense,400,400,0,0.0
margin_vs_margin_baseline,0.7429971445684742,36,dense,400,400,0,0.0
margin_vs_margin_baseline,0.7429971445684742,37,dense,400,400,0,0.0
margin_vs_margin_baseline,0.7429971445684742,38,dense,400,400,0,0.0
margin_vs_margin_baseline,0.7429971445684742,39,dense,400,400,0,0.0
margin_vs_margin_baseline,0.7429971445684742,40,dense,400,400,0,0.0
margin_vs_margin_baseline,0.7429971445684742,41,dense,400,400,0,0.0
margin_vs_margin_baseline,0.7429971445684742,42,dense,400,400,0,0.0
margin_vs_margin_baseline,0.7429971445684742,43,dense,400,400,0,0.0
margin_vs_margin_baseline,0.820335356007638,44,dense,400,400,0,0.0
margin_vs_margin_baseline,0.820335356007638,45,dense,400,400,0,0.0
margin_vs_margin_baseline,0.820335356007638,46,dense,400,400,0,0.0
margin_vs_margin_baseline,0.820335356007638,47,dense,400,400,0,0.0
margin_vs_margin_baseline,0.820335356007638,48,dense,400,400,0,0.0
margin_vs_margin_baseline,0.820335356007638,49,dense,400,400,0,0.0
margin_vs_margin_baseline,0.820335356007638,50,dense,400,400,0,0.0
margin_vs_margin_baseline,0.820335356007638,51,dense,400,400,0,0.0
margin_vs_margin_baseline,0.9057236642639066,52,dense,400,400,0,0.0
margin_vs_margin_baseline,0.9057236642639066,53,dense,400,400,0,0.0
margin_vs_margin_baseline,0.9057236642639066,54,dense,400,400,0,0.0
margin_vs_margin_baseline,0.9057236642639066,55,dense,400,400,0,0.0
margin_vs_margin_baseline,0.9057236642639066,56,dense,400,400,0,0.0
margin_vs_margin_baseline,0.9057236642639066,57,dense,400,400,0,0.0
margin_vs_margin_baseline,0.9057236642639066,58,dense,400,400,0,0.0
margin_vs_margin_baseline,0.9057236642639066,59,dense,400,400,0,0.0
margin_vs_margin_baseline,1.0,60,dense,400,0,400,1.0
margin_vs_margin_baseline,1.0,61,dense,400,56,344,0.86
margin_vs_margin_baseline,1.0,62,dense,400,0,400,1.0
margin_vs_margin_baseline,1.0,63,dense,400,217,183,0.4575
margin_vs_margin_baseline,1.0,64,dense,400,0,400,1.0
margin_vs_margin_baseline,1.0,65,dense,400,400,0,0.0
margin_vs_margin_baseline,1.0,66,dense,400,312,88,0.22
margin_vs_margin_baseline,1.0,67,dense,400,0,400,1.0
margin_vs_margin_baseline,2.0,68,extend_high,400,0,400,1.0
margin_vs_margin_baseline,2.0,69,extend_high,400,0,400,1.0
margin_vs_margin_baseline,2.0,70,extend_high,400,0,400,1.0
margin_vs_margin_baseline,2.0,71,extend_high,400,0,400,1.0
margin_vs_margin_baseline,1.0,72,tighten,400,230,170,0.425
margin_vs_margin_baseline,1.0,73,tighten,400,375,25,0.0625
margin_vs_margin_baseline,1.0,74,tighten,400,305,95,0.2375
margin_vs_margin_baseline,1.0,75,tighten,400,0,400,1.0
margin_vs_margin_baseline,1.0,76,tighten,400,329,71,0.1775
margin_vs_margin_baseline,1.0,77,tighten,400,400,0,0.0
margin_vs_margin_baseline,1.0,78,tighten,400,400,0,0.0
margin_vs_margin_baseline,1.0,79,tighten,400,61,339,0.8475
margin_vs_margin_baseline,1.0,80,tighten,400,1,399,0.9975
margin_vs_margin_baseline,1.0,81,tighten,400,92,308,0.77
margin_vs_margin_baseline,1.0,82,tighten,400,223,177,0.4425
margin_vs_margin_baseline,1.0,83,tighten,400,0,400,1.0
margin_vs_margin_baseline,1.0,84,tighten,400,0,400,1.0
margin_vs_margin_baseline,1.0,85,tighten,400,90,310,0.775
margin_vs_margin_baseline,1.0,86,tighten,400,400,0,0.0
margin_vs_margin_baseline,1.0,87,tighten,400,400,0,0.0
margin_vs_margin_baseline,1.0,88,tighten,400,148,252,0.63
margin_vs_margin_baseline,1.0,89,tighten,400,279,121,0.3025
margin_vs_margin_baseline,1.0,90,tighten,400,83,317,0.7925
margin_vs_margin_baseline,1.0,91,tighten,400,0,400,1.0
margin_vs_margin_baseline,1.0,92,tighten,400,400,0,0.0
margin_vs_margin_baseline,1.0,93,tighten,400,400,0,0.0
margin_vs_margin_baseline,1.0,94,tighten,400,400,0,0.0
margin_vs_margin_baseline,1.0,95,tighten,400,400,0,0.0
margin_vs_margin_baseline,1.0,96,tighten,400,309,91,0.2275
margin_vs_margin_baseline,1.0,97,tighten,400,0,400,1.0
margin_vs_margin_baseline,1.0,98,tighten,400,0,400,1.0
margin_vs_margin_baseline,1.0,99,tighten,400,167,233,0.5825
margin_vs_margin_baseline,1.0,100,tighten,400,400,0,0.0
margin_vs_margin_baseline,1.0,101,tighten,400,209,191,0.4775
margin_vs_margin_baseline,1.0,102,tighten,400,123,277,0.6925
margin_vs_margin_baseline,1.0,103,tighten,400,351,49,0.1225
margin_vs_margin_baseline,1.0,104,tighten,400,156,244,0.61
margin_vs_margin_baseline,1.0,105,tighten,400,400,0,0.0
margin_vs_margin_baseline,1.0,106,tighten,400,306,94,0.235
margin_vs_margin_baseline,1.0,107,tighten,400,391,9,0.0225
margin_vs_margin_baseline,1.0,108,tighten,400,400,0,0.0
margin_vs_margin_baseline,1.0,109,tighten,400,377,23,0.0575
margin_vs_margin_baseline,1.0,110,tighten,400,320,80,0.2
margin_vs_margin_baseline,1.0,111,tighten,400,400,0,0.0
margin_vs_margin_baseline,1.0,112,tighten,400,136,264,0.66
margin_vs_margin_baseline,1.0,113,tighten,400,400,0,0.0
margin_vs_margin_baseline,1.0,114,tighten,400,48,352,0.88
margin_vs_margin_baseline,1.0,115,tighten,400,22,378,0.945
margin_vs_margin_baseline,1.0,116,tighten,400,9,391,0.9775
margin_vs_margin_baseline,1.0,117,tighten,400,0,400,1.0
margin_vs_margin_baseline,1.0,118,tighten,400,400,0,0.0
margin_vs_margin_baseline,1.0,119,tighten,400,326,74,0.185
margin_vs_margin_baseline,1.0,120,tighten,400,0,400,1.0
margin_vs_margin_baseline,1.0,121,tighten,400,205,195,0.4875
margin_vs_margin_baseline,1.0,122,tighten,400,296,104,0.26
margin_vs_margin_baseline,1.0,123,tighten,400,313,87,0.2175
margin_vs_margin_baseline,1.0,124,tighten,400,400,0,0.0
margin_vs_margin_baseline,1.0,125,tighten,400,400,0,0.0
margin_vs_margin_baseline,1.0,126,tighten,400,400,0,0.0
margin_vs_margin_baseline,1.0,127,tighten,400,146,254,0.635
margin_vs_margin_baseline,1.0,128,tighten,400,400,0,0.0
margin_vs_margin_baseline,1.0,129,tighten,400,327,73,0.1825
margin_vs_margin_baseline,1.0,130,tighten,400,0,400,1.0
margin_vs_margin_baseline,1.0,131,tighten,400,0,400,1.0
margin_vs_margin_baseline,1.0,132,tighten,400,107,293,0.7325
margin_vs_margin_baseline,1.0,133,tighten,400,397,3,0.0075
margin_vs_margin_baseline,1.0,134,tighten,400,0,400,1.0
margin_vs_margin_baseline,1.0,135,tighten,400,347,53,0.1325
margin_vs_margin_baseline,1.0,136,tighten,400,370,30,0.075
margin_vs_margin_baseline,1.0,137,tighten,400,34,366,0.915
margin_vs_margin_baseline,1.0,138,tighten,400,57,343,0.8575
margin_vs_margin_baseline,1.0,139,tighten,400,0,400,1.0
margin_vs_margin_baseline,1.0,140,tighten,400,19,381,0.9525
margin_vs_margin_baseline,1.0,141,tighten,400,400,0,0.0
margin_vs_margin_baseline,1.0,142,tighten,400,56,344,0.86
margin_vs_margin_baseline,1.0,143,tighten,400,2,398,0.995
margin_vs_margin_baseline,1.0,144,tighten,400,331,69,0.1725
margin_vs_margin_baseline,1.0,145,tighten,400,342,58,0.145
margin_vs_margin_baseline,1.0,146,tighten,400,283,117,0.2925
margin_vs_margin_baseline,1.0,147,tighten,400,263,137,0.3425
margin_vs_margin_baseline,1.0,148,tighten,400,400,0,0.0
margin_vs_margin_baseline,1.0,149,tighten,400,90,310,0.775
margin_vs_margin_baseline,1.0,150,tighten,400,375,25,0.0625
margin_vs_margin_baseline,1.0,151,tighten,400,54,346,0.865
margin_vs_margin_baseline,1.0,152,tighten,400,78,322,0.805
margin_vs_margin_baseline,1.0,153,tighten,400,6,394,0.985
margin_vs_margin_baseline,1.0,154,tighten,400,34,366,0.915
margin_vs_margin_baseline,1.0,155,tighten,400,400,0,0.0
margin_vs_margin_baseline,1.0,156,tighten,400,356,44,0.11
margin_vs_margin_baseline,1.0,157,tighten,400,367,33,0.0825
margin_vs_margin_baseline,1.0,158,tighten,400,0,400,1.0
margin_vs_margin_baseline,1.0,159,tighten,400,0,400,1.0
margin_vs_margin_baseline,1.0,160,tighten,400,0,400,1.0
margin_vs_margin_baseline,1.0,161,tighten,400,202,198,0.495
margin_vs_margin_baseline,1.0,162,tighten,400,257,143,0.3575
margin_vs_margin_baseline,1.0,163,tighten,400,74,326,0.815
margin_vs_margin_baseline,1.0,164,tighten,400,400,0,0.0
margin_vs_margin_baseline,1.0,165,tighten,400,400,0,0.0
margin_vs_margin_baseline,1.0,166,tighten,400,174,226,0.565
margin_vs_margin_baseline,1.0,167,tighten,400,0,400,1.0
margin_vs_margin_baseline,1.0,168,tighten,400,0,400,1.0
margin_vs_margin_baseline,1.0,169,tighten,400,304,96,0.24
margin_vs_margin_baseline,1.0,170,tighten,400,0,400,1.0
margin_vs_margin_baseline,1.0,171,tighten,400,154,246,0.615
margin_vs_margin_baseline,1.0,172,tighten,400,298,102,0.255
margin_vs_margin_baseline,1.0,173,tighten,400,383,17,0.0425
margin_vs_margin_baseline,1.0,174,tighten,400,400,0,0.0
margin_vs_margin_baseline,1.0,175,tighten,400,340,60,0.15
margin_vs_margin_baseline,1.0,176,tighten,400,27,373,0.9325
margin_vs_margin_baseline,1.0,177,tighten,400,262,138,0.345
margin_vs_margin_baseline,1.0,178,tighten,400,297,103,0.2575
margin_vs_margin_baseline,1.0,179,tighten,400,358,42,0.105
margin_vs_margin_baseline,1.0,180,tighten,400,289,111,0.2775
margin_vs_margin_baseline,1.0,181,tighten,400,176,224,0.56
margin_vs_margin_baseline,1.0,182,tighten,400,373,27,0.0675
margin_vs_margin_baseline,1.0,183,tighten,400,0,400,1.0
margin_vs_margin_baseline,1.0,184,tighten,400,253,147,0.3675
margin_vs_margin_baseline,1.0,185,tighten,400,400,0,0.0
margin_vs_margin_baseline,1.0,186,tighten,400,115,285,0.7125
margin_vs_margin_baseline,1.0,187,tighten,400,87,313,0.7825
margin_vs_margin_baseline,1.0,188,tighten,400,392,8,0.02
margin_vs_margin_baseline,1.0,189,tighten,400,0,400,1.0
margin_vs_margin_baseline,1.0,190,tighten,400,129,271,0.6775
margin_vs_margin_baseline,1.0,191,tighten,400,9,391,0.9775
margin_vs_margin_baseline,1.0,192,tighten,400,400,0,0.0
margin_vs_margin_baseline,1.0,193,tighten,400,104,296,0.74
margin_vs_margin_baseline,1.0,194,tighten,400,400,0,0.0
margin_vs_margin_baseline,1.0,195,tighten,400,346,54,0.135
margin_vs_margin_baseline,1.0,196,tighten,400,0,400,1.0
margin_vs_margin_baseline,1.0,197,tighten,400,329,71,0.1775
margin_vs_margin_baseline,1.0,198,tighten,400,187,213,0.5325
margin_vs_margin_baseline,1.0,199,tighten,400,32,368,0.92
margin_vs_margin_baseline,1.0,200,tighten,400,147,253,0.6325
margin_vs_margin_baseline,1.0,201,tighten,400,0,400,1.0
margin_vs_margin_baseline,1.0,202,tighten,400,400,0,0.0
margin_vs_margin_baseline,1.0,203,tighten,400,228,172,0.43
margin_vs_margin_baseline,1.0,204,tighten,400,372,28,0.07
margin_vs_margin_baseline,1.0,205,tighten,400,209,191,0.4775
margin_vs_margin_baseline,1.0,206,tighten,400,400,0,0.0
margin_vs_margin_baseline,1.0,207,tighten,400,0,400,1.0
margin_vs_margin_baseline,1.0,208,tighten,400,400,0,0.0
margin_vs_margin_baseline,1.0,209,tighten,400,61,339,0.8475
margin_vs_margin_baseline,1.0,210,tighten,400,400,0,0.0
margin_vs_margin_baseline,1.0,211,tighten,400,126,274,0.685
margin_vs_margin_baseline,1.0,212,tighten,400,0,400,1.0
margin_vs_margin_baseline,1.0,213,tighten,400,339,61,0.1525
margin_vs_margin_baseline,1.0,214,tighten,400,0,400,1.0
margin_vs_margin_baseline,1.0,215,tighten,400,400,0,0.0
margin_vs_margin_baseline,1.0,216,tighten,400,388,12,0.03
margin_vs_margin_baseline,1.0,217,tighten,400,400,0,0.0
margin_vs_margin_baseline,1.0,218,tighten,400,400,0,0.0
margin_vs_margin_baseline,1.0,219,tighten,400,22,378,0.945
margin_vs_margin_baseline,1.0,220,tighten,400,0,400,1.0
margin_vs_margin_baseline,1.0,221,tighten,400,400,0,0.0
margin_vs_margin_baseline,1.0,222,tighten,400,400,0,0.0
margin_vs_margin_baseline,1.0,223,tighten,400,35,365,0.9125
margin_vs_margin_baseline,1.0,224,tighten,400,400,0,0.0
margin_vs_margin_baseline,1.0,225,tighten,400,318,82,0.205
margin_vs_margin_baseline,1.0,226,tighten,400,72,328,0.82
margin_vs_margin_baseline,1.0,227,tighten,400,184,216,0.54
margin_vs_margin_baseline,1.0,228,tighten,400,233,167,0.4175
margin_vs_margin_baseline,1.0,229,tighten,400,0,400,1.0
margin_vs_margin_baseline,1.0,230,tighten,400,372,28,0.07
margin_vs_margin_baseline,1.0,231,tighten,400,266,134,0.335
margin_vs_margin_baseline,1.0,232,tighten,400,0,400,1.0
margin_vs_margin_baseline,1.0,233,tighten,400,0,400,1.0
margin_vs_margin_baseline,1.0,234,tighten,400,400,0,0.0
margin_vs_margin_baseline,1.0,235,tighten,400,132,268,0.67
margin_vs_margin_baseline,1.0,236,tighten,400,79,321,0.8025
margin_vs_margin_baseline,1.0,237,tighten,400,0,400,1.0
margin_vs_margin_baseline,1.0,238,tighten,400,175,225,0.5625
margin_vs_margin_baseline,1.0,239,tighten,400,59,341,0.8525
margin_vs_margin_baseline,1.0,240,tighten,400,259,141,0.3525
margin_vs_margin_baseline,1.0,241,tighten,400,0,400,1.0
margin_vs_margin_baseline,1.0,242,tighten,400,97,303,0.7575
margin_vs_margin_baseline,1.0,243,tighten,400,328,72,0.18
margin_vs_margin_baseline,1.0,244,tighten,400,305,95,0.2375
margin_vs_margin_baseline,1.0,245,tighten,400,119,281,0.7025
margin_vs_margin_baseline,1.0,246,tighten,400,400,0,0.0
margin_vs_margin_baseline,1.0,247,tighten,400,0,400,1.0
margin_vs_margin_baseline,1.0,248,tighten,400,75,325,0.8125
margin_vs_margin_baseline,1.0,249,tighten,400,317,83,0.2075
margin_vs_margin_baseline,1.0,250,tighten,400,400,0,0.0
margin_vs_margin_baseline,1.0,251,tighten,400,47,353,0.8825
margin_vs_margin_baseline,1.0,252,tighten,400,400,0,0.0
margin_vs_margin_baseline,1.0,253,tighten,400,18,382,0.955
margin_vs_margin_baseline,1.0,254,tighten,400,226,174,0.435
margin_vs_margin_baseline,1.0,255,tighten,400,151,249,0.6225
margin_vs_margin_baseline,1.0,256,tighten,400,297,103,0.2575
margin_vs_margin_baseline,1.0,257,tighten,400,96,304,0.76
margin_vs_margin_baseline,1.0,258,tighten,400,0,400,1.0
margin_vs_margin_baseline,1.0,259,tighten,400,374,26,0.065
margin_vs_margin_baseline,1.0,260,tighten,400,361,39,0.0975
margin_vs_margin_baseline,1.0,261,tighten,400,0,400,1.0
margin_vs_margin_baseline,1.0,262,tighten,400,0,400,1.0
margin_vs_margin_baseline,1.0,263,tighten,400,400,0,0.0
margin_vs_margin_baseline,1.0,264,tighten,400,0,400,1.0
margin_vs_margin_baseline,1.0,265,tighten,400,4,396,0.99
margin_vs_margin_baseline,1.0,266,tighten,400,0,400,1.0
margin_vs_margin_baseline,1.0,267,tighten,400,303,97,0.2425
margin_vs_margin_baseline,1.0,268,tighten,400,325,75,0.1875
margin_vs_margin_baseline,1.0,269,tighten,400,380,20,0.05
margin_vs_margin_baseline,1.0,270,tighten,400,85,315,0.7875
margin_vs_margin_baseline,1.0,271,tighten,400,0,400,1.0
margin_vs_margin_baseline,1.0,272,tighten,400,21,379,0.9475
margin_vs_margin_baseline,1.0,273,tighten,400,0,400,1.0
margin_vs_margin_baseline,1.0,274,tighten,400,0,400,1.0
margin_vs_margin_baseline,1.0,275,tighten,400,240,160,0.4
margin_vs_margin_baseline,1.0,276,tighten,400,400,0,0.0
margin_vs_margin_baseline,1.0,277,tighten,400,400,0,0.0
margin_vs_margin_baseline,1.0,278,tighten,400,400,0,0.0
margin_vs_margin_baseline,1.0,279,tighten,400,261,139,0.3475
margin_vs_margin_baseline,1.0,280,tighten,400,400,0,0.0
margin_vs_margin_baseline,1.0,281,tighten,400,400,0,0.0
margin_vs_margin_baseline,1.0,282,tighten,400,210,190,0.475
margin_vs_margin_baseline,1.0,283,tighten,400,259,141,0.3525
margin_vs_margin_baseline,1.0,284,tighten,400,400,0,0.0
margin_vs_margin_baseline,1.0,285,tighten,400,225,175,0.4375
margin_vs_margin_baseline,1.0,286,tighten,400,400,0,0.0
margin_vs_margin_baseline,1.0,287,tighten,400,400,0,0.0
margin_vs_margin_baseline,1.0,288,tighten,400,0,400,1.0
margin_vs_margin_baseline,1.0,289,tighten,400,201,199,0.4975
margin_vs_margin_baseline,1.0,290,tighten,400,0,400,1.0
margin_vs_margin_baseline,1.0,291,tighten,400,0,400,1.0
margin_vs_margin_baseline,1.0,292,tighten,400,341,59,0.1475
margin_vs_margin_baseline,1.0,293,tighten,400,400,0,0.0
margin_vs_margin_baseline,1.0,294,tighten,400,372,28,0.07
margin_vs_margin_baseline,1.0,295,tighten,400,400,0,0.0
margin_vs_margin_baseline,1.0,296,tighten,400,400,0,0.0
margin_vs_margin_baseline,1.0,297,tighten,400,15,385,0.9625
margin_vs_margin_baseline,1.0,298,tighten,400,113,287,0.7175
margin_vs_margin_baseline,1.0,299,tighten,400,382,18,0.045
margin_vs_margin_baseline,1.0,300,tighten,400,85,315,0.7875
margin_vs_margin_baseline,1.0,301,tighten,400,0,400,1.0
margin_vs_margin_baseline,1.0,302,tighten,400,400,0,0.0
margin_vs_margin_baseline,1.0,303,tighten,400,0,400,1.0
margin_vs_margin_baseline,1.0,304,tighten,400,19,381,0.9525
margin_vs_margin_baseline,1.0,305,tighten,400,51,349,0.8725
margin_vs_margin_baseline,1.0,306,tighten,400,103,297,0.7425
margin_vs_margin_baseline,1.0,307,tighten,400,0,400,1.0
margin_vs_margin_baseline,1.0,308,tighten,400,35,365,0.9125
margin_vs_margin_baseline,1.0,309,tighten,400,0,400,1.0
margin_vs_margin_baseline,1.0,310,tighten,400,73,327,0.8175
margin_vs_margin_baseline,1.0,311,tighten,400,400,0,0.0
margin_vs_margin_baseline,1.0,312,tighten,400,0,400,1.0
margin_vs_margin_baseline,1.0,313,tighten,400,1,399,0.9975
margin_vs_margin_baseline,1.0,314,tighten,400,0,400,1.0
margin_vs_margin_baseline,1.0,315,tighten,400,0,400,1.0
margin_vs_margin_baseline,1.0,316,tighten,400,325,75,0.1875
margin_vs_margin_baseline,1.0,317,tighten,400,0,400,1.0
margin_vs_margin_baseline,1.0,318,tighten,400,95,305,0.7625
margin_vs_margin_baseline,1.0,319,tighten,400,0,400,1.0
margin_vs_margin_baseline,1.0,320,tighten,400,0,400,1.0
margin_vs_margin_baseline,1.0,321,tighten,400,156,244,0.61
margin_vs_margin_baseline,1.0,322,tighten,400,0,400,1.0
margin_vs_margin_baseline,1.0,323,tighten,400,0,400,1.0
margin_vs_margin_baseline,1.0,324,tighten,400,314,86,0.215
margin_vs_margin_baseline,1.0,325,tighten,400,95,305,0.7625
margin_vs_margin_baseline,1.0,326,tighten,400,400,0,0.0
margin_vs_margin_baseline,1.0,327,tighten,400,400,0,0.0
margin_vs_margin_baseline,1.0,328,tighten,400,0,400,1.0
margin_vs_margin_baseline,1.0,329,tighten,400,0,400,1.0
margin_vs_margin_baseline,1.0,330,tighten,400,322,78,0.195
margin_vs_margin_baseline,1.0,331,tighten,400,0,400,1.0
margin_vs_margin_baseline,1.0,332,tighten,400,292,108,0.27
margin_vs_margin_baseline,1.0,333,tighten,400,0,400,1.0
margin_vs_margin_baseline,1.0,334,tighten,400,395,5,0.0125
margin_vs_margin_baseline,1.0,335,tighten,400,0,400,1.0
margin_vs_margin_baseline,1.0,336,tighten,400,1,399,0.9975
margin_vs_margin_baseline,1.0,337,tighten,400,362,38,0.095
margin_vs_margin_baseline,1.0,338,tighten,400,0,400,1.0
margin_vs_margin_baseline,1.0,339,tighten,400,400,0,0.0
margin_vs_margin_baseline,1.0,340,tighten,400,0,400,1.0
margin_vs_margin_baseline,1.0,341,tighten,400,400,0,0.0
margin_vs_margin_baseline,1.0,342,tighten,400,167,233,0.5825
margin_vs_margin_baseline,1.0,343,tighten,400,355,45,0.1125
margin_vs_margin_baseline,1.0,344,tighten,400,205,195,0.4875
margin_vs_margin_baseline,1.0,345,tighten,400,254,146,0.365
margin_vs_margin_baseline,1.0,346,tighten,400,0,400,1.0
margin_vs_margin_baseline,1.0,347,tighten,400,348,52,0.13
margin_vs_margin_baseline,1.0,348,tighten,400,400,0,0.0
margin_vs_margin_baseline,1.0,349,tighten,400,14,386,0.965
margin_vs_margin_baseline,1.0,350,tighten,400,400,0,0.0
margin_vs_margin_baseline,1.0,351,tighten,400,28,372,0.93
margin_vs_margin_baseline,1.0,352,tighten,400,10,390,0.975
margin_vs_margin_baseline,1.0,353,tighten,400,0,400,1.0
margin_vs_margin_baseline,1.0,354,tighten,400,322,78,0.195
margin_vs_margin_baseline,1.0,355,tighten,400,184,216,0.54
margin_vs_margin_baseline,1.0,356,tighten,400,0,400,1.0
margin_vs_margin_baseline,1.0,357,tighten,400,0,400,1.0
margin_vs_margin_baseline,1.0,358,tighten,400,397,3,0.0075
margin_vs_margin_baseline,1.0,359,tighten,400,336,64,0.16
margin_vs_margin_baseline,1.0,360,tighten,400,0,400,1.0
margin_vs_margin_baseline,1.0,361,tighten,400,400,0,0.0
margin_vs_margin_baseline,1.0,362,tighten,400,400,0,0.0
margin_vs_margin_baseline,1.0,363,tighten,400,400,0,0.0
margin_vs_margin_baseline,1.0,364,tighten,400,0,400,1.0
margin_vs_margin_baseline,1.0,365,tighten,400,322,78,0.195
margin_vs_margin_baseline,1.0,366,tighten,400,328,72,0.18
margin_vs_margin_baseline,1.0,367,tighten,400,400,0,0.0
margin_vs_margin_baseline,1.0,368,tighten,400,0,400,1.0
margin_vs_margin_baseline,1.0,369,tighten,400,297,103,0.2575
margin_vs_margin_baseline,1.0,370,tighten,400,152,248,0.62
margin_vs_margin_baseline,1.0,371,tighten,400,400,0,0.0
margin_vs_margin_baseline,1.0,372,tighten,400,345,55,0.1375
margin_vs_margin_baseline,1.0,373,tighten,400,93,307,0.7675
margin_vs_margin_baseline,1.0,374,tighten,400,315,85,0.2125
margin_vs_margin_baseline,1.0,375,tighten,400,400,0,0.0
margin_vs_margin_baseline,1.0,376,tighten,400,85,315,0.7875
margin_vs_margin_baseline,1.0,377,tighten,400,210,190,0.475
margin_vs_margin_baseline,1.0,378,tighten,400,400,0,0.0
margin_vs_margin_baseline,1.0,379,tighten,400,359,41,0.1025
margin_vs_margin_baseline,1.0,380,tighten,400,24,376,0.94
margin_vs_margin_baseline,1.0,381,tighten,400,322,78,0.195
margin_vs_margin_baseline,1.0,382,tighten,400,400,0,0.0
margin_vs_margin_baseline,1.0,383,tighten,400,160,240,0.6
margin_vs_margin_baseline,1.0,384,tighten,400,51,349,0.8725
margin_vs_margin_baseline,1.0,385,tighten,400,0,400,1.0
margin_vs_margin_baseline,1.0,386,tighten,400,227,173,0.4325
margin_vs_margin_baseline,1.0,387,tighten,400,154,246,0.615
margin_vs_margin_baseline,1.0,388,tighten,400,67,333,0.8325
margin_vs_margin_baseline,1.0,389,tighten,400,400,0,0.0
margin_vs_margin_baseline,1.0,390,tighten,400,400,0,0.0
margin_vs_margin_baseline,1.0,391,tighten,400,400,0,0.0
margin_vs_margin_baseline,1.0,392,tighten,400,398,2,0.005
margin_vs_margin_baseline,1.0,393,tighten,400,185,215,0.5375
margin_vs_margin_baseline,1.0,394,tighten,400,0,400,1.0
margin_vs_margin_baseline,1.0,395,tighten,400,225,175,0.4375
margin_vs_margin_baseline,1.0,396,tighten,400,0,400,1.0
margin_vs_margin_baseline,1.0,397,tighten,400,0,400,1.0
margin_vs_margin_baseline,1.0,398,tighten,400,400,0,0.0
margin_vs_margin_baseline,1.0,399,tighten,400,301,99,0.2475
margin_vs_margin_baseline,1.0,400,tighten,400,42,358,0.895
margin_vs_margin_baseline,1.0,401,tighten,400,400,0,0.0
margin_vs_margin_baseline,1.0,402,tighten,400,0,400,1.0
margin_vs_margin_baseline,1.0,403,tighten,400,380,20,0.05
margin_vs_margin_baseline,1.0,404,tighten,400,400,0,0.0
margin_vs_margin_baseline,1.0,405,tighten,400,0,400,1.0
margin_vs_margin_baseline,1.0,406,tighten,400,203,197,0.4925
margin_vs_margin_baseline,1.0,407,tighten,400,5,395,0.9875
margin_vs_margin_baseline,1.0,408,tighten,400,400,0,0.0
margin_vs_margin_baseline,1.0,409,tighten,400,0,400,1.0
margin_vs_margin_baseline,1.0,410,tighten,400,358,42,0.105
margin_vs_margin_baseline,1.0,411,tighten,400,0,400,1.0
margin_vs_margin_baseline,1.0,412,tighten,400,7,393,0.9825
margin_vs_margin_baseline,1.0,413,tighten,400,0,400,1.0
margin_vs_margin_baseline,1.0,414,tighten,400,230,170,0.425
margin_vs_margin_baseline,1.0,415,tighten,400,109,291,0.7275
margin_vs_margin_baseline,1.0,416,tighten,400,237,163,0.4075
margin_vs_margin_baseline,1.0,417,tighten,400,47,353,0.8825
margin_vs_margin_baseline,1.0,418,tighten,400,400,0,0.0
margin_vs_margin_baseline,1.0,419,tighten,400,247,153,0.3825
margin_vs_margin_baseline,1.0,420,tighten,400,0,400,1.0
margin_vs_margin_baseline,1.0,421,tighten,400,0,400,1.0
margin_vs_margin_baseline,1.0,422,tighten,400,210,190,0.475
margin_vs_margin_baseline,1.0,423,tighten,400,222,178,0.445
margin_vs_margin_baseline,1.0,424,tighten,400,299,101,0.2525
margin_vs_margin_baseline,1.0,425,tighten,400,52,348,0.87
margin_vs_margin_baseline,1.0,426,tighten,400,199,201,0.5025
margin_vs_margin_baseline,1.0,427,tighten,400,149,251,0.6275
margin_vs_margin_baseline,1.0,428,tighten,400,151,249,0.6225
margin_vs_margin_baseline,1.0,429,tighten,400,320,80,0.2
margin_vs_margin_baseline,1.0,430,tighten,400,278,122,0.305
margin_vs_margin_baseline,1.0,431,tighten,400,0,400,1.0
margin_vs_margin_baseline,1.0,432,tighten,400,0,400,1.0
margin_vs_margin_baseline,1.0,433,tighten,400,393,7,0.0175
margin_vs_margin_baseline,1.0,434,tighten,400,111,289,0.7225
margin_vs_margin_baseline,1.0,435,tighten,400,292,108,0.27
margin_vs_margin_baseline,1.0,436,tighten,400,332,68,0.17
margin_vs_margin_baseline,1.0,437,tighten,400,236,164,0.41
margin_vs_margin_baseline,1.0,438,tighten,400,0,400,1.0
margin_vs_margin_baseline,1.0,439,tighten,400,314,86,0.215
margin_vs_margin_baseline,1.0,440,tighten,400,0,400,1.0
margin_vs_margin_baseline,1.0,441,tighten,400,390,10,0.025
margin_vs_margin_baseline,1.0,442,tighten,400,210,190,0.475
margin_vs_margin_baseline,1.0,443,tighten,400,352,48,0.12
margin_vs_margin_baseline,1.0,444,tighten,400,400,0,0.0
margin_vs_margin_baseline,1.0,445,tighten,400,0,400,1.0
margin_vs_margin_baseline,1.0,446,tighten,400,400,0,0.0
margin_vs_margin_baseline,1.0,447,tighten,400,362,38,0.095
margin_vs_margin_baseline,1.0,448,tighten,400,278,122,0.305
margin_vs_margin_baseline,1.0,449,tighten,400,42,358,0.895
margin_vs_margin_baseline,1.0,450,tighten,400,400,0,0.0
margin_vs_margin_baseline,1.0,451,tighten,400,173,227,0.5675
margin_vs_margin_baseline,1.0,452,tighten,400,154,246,0.615
margin_vs_margin_baseline,1.0,453,tighten,400,0,400,1.0
margin_vs_margin_baseline,1.0,454,tighten,400,140,260,0.65
margin_vs_margin_baseline,1.0,455,tighten,400,0,400,1.0
margin_vs_margin_baseline,1.0,456,tighten,400,400,0,0.0
margin_vs_margin_baseline,1.0,457,tighten,400,0,400,1.0
margin_vs_margin_baseline,1.0,458,tighten,400,23,377,0.9425
margin_vs_margin_baseline,1.0,459,tighten,400,76,324,0.81
margin_vs_margin_baseline,1.0,460,tighten,400,0,400,1.0
margin_vs_margin_baseline,1.0,461,tighten,400,94,306,0.765
margin_vs_margin_baseline,1.0,462,tighten,400,398,2,0.005
margin_vs_margin_baseline,1.0,463,tighten,400,176,224,0.56
margin_vs_margin_baseline,1.0,464,tighten,400,400,0,0.0
margin_vs_margin_baseline,1.0,465,tighten,400,199,201,0.5025
margin_vs_margin_baseline,1.0,466,tighten,400,79,321,0.8025
margin_vs_margin_baseline,1.0,467,tighten,400,400,0,0.0
margin_vs_margin_baseline,1.0,468,tighten,400,400,0,0.0
margin_vs_margin_baseline,1.0,469,tighten,400,0,400,1.0
margin_vs_margin_baseline,1.0,470,tighten,400,159,241,0.6025
margin_vs_margin_baseline,1.0,471,tighten,400,206,194,0.485
margin_vs_margin_baseline,1.0,472,tighten,400,0,400,1.0
margin_vs_margin_baseline,1.0,473,tighten,400,158,242,0.605
margin_vs_margin_baseline,1.0,474,tighten,400,400,0,0.0
margin_vs_margin_baseline,1.0,475,tighten,400,287,113,0.2825
margin_vs_margin_baseline,1.0,476,tighten,400,46,354,0.885
margin_vs_margin_baseline,1.0,477,tighten,400,0,400,1.0
margin_vs_margin_baseline,1.0,478,tighten,400,0,400,1.0
margin_vs_margin_baseline,1.0,479,tighten,400,400,0,0.0
margin_vs_margin_baseline,1.0,480,tighten,400,400,0,0.0
margin_vs_margin_baseline,1.0,481,tighten,400,76,324,0.81
margin_vs_margin_baseline,1.0,482,tighten,400,400,0,0.0
margin_vs_margin_baseline,1.0,483,tighten,400,68,332,0.83
margin_vs_margin_baseline,1.0,484,tighten,400,109,291,0.7275
margin_vs_margin_baseline,1.0,485,tighten,400,400,0,0.0
margin_vs_margin_baseline,1.0,486,tighten,400,11,389,0.9725
margin_vs_margin_baseline,1.0,487,tighten,400,0,400,1.0
margin_vs_margin_baseline,1.0,488,tighten,400,217,183,0.4575
margin_vs_margin_baseline,1.0,489,tighten,400,362,38,0.095
margin_vs_margin_baseline,1.0,490,tighten,400,400,0,0.0
margin_vs_margin_baseline,1.0,491,tighten,400,0,400,1.0
margin_vs_margin_baseline,1.0,492,tighten,400,306,94,0.235
margin_vs_margin_baseline,1.0,493,tighten,400,79,321,0.8025
margin_vs_margin_baseline,1.0,494,tighten,400,64,336,0.84
margin_vs_margin_baseline,1.0,495,tighten,400,85,315,0.7875
margin_vs_margin_baseline,1.0,496,tighten,400,182,218,0.545
margin_vs_margin_baseline,1.0,497,tighten,400,400,0,0.0
margin_vs_margin_baseline,1.0,498,tighten,400,400,0,0.0
margin_vs_margin_baseline,1.0,499,tighten,400,313,87,0.2175
margin_vs_margin_baseline,1.0,500,tighten,400,0,400,1.0
margin_vs_margin_baseline,1.0,501,tighten,400,70,330,0.825
margin_vs_margin_baseline,1.0,502,tighten,400,10,390,0.975
margin_vs_margin_baseline,1.0,503,tighten,400,400,0,0.0
margin_vs_margin_baseline,1.0,504,tighten,400,371,29,0.0725
margin_vs_margin_baseline,1.0,505,tighten,400,16,384,0.96
margin_vs_margin_baseline,1.0,506,tighten,400,85,315,0.7875
margin_vs_margin_baseline,1.0,507,tighten,400,141,259,0.6475
margin_vs_margin_baseline,1.0,508,tighten,400,0,400,1.0
margin_vs_margin_baseline,1.0,509,tighten,400,16,384,0.96
margin_vs_margin_baseline,1.0,510,tighten,400,276,124,0.31
margin_vs_margin_baseline,1.0,511,tighten,400,317,83,0.2075
margin_vs_margin_baseline,1.0,512,tighten,400,381,19,0.0475
margin_vs_margin_baseline,1.0,513,tighten,400,358,42,0.105
margin_vs_margin_baseline,1.0,514,tighten,400,242,158,0.395
margin_vs_margin_baseline,1.0,515,tighten,400,0,400,1.0
margin_vs_margin_baseline,1.0,516,tighten,400,322,78,0.195
margin_vs_margin_baseline,1.0,517,tighten,400,110,290,0.725
margin_vs_margin_baseline,1.0,518,tighten,400,400,0,0.0
margin_vs_margin_baseline,1.0,519,tighten,400,299,101,0.2525
margin_vs_margin_baseline,1.0,520,tighten,400,255,145,0.3625
margin_vs_margin_baseline,1.0,521,tighten,400,175,225,0.5625
margin_vs_margin_baseline,1.0,522,tighten,400,400,0,0.0
margin_vs_margin_baseline,1.0,523,tighten,400,0,400,1.0
margin_vs_margin_baseline,1.0,524,tighten,400,400,0,0.0
margin_vs_margin_baseline,1.0,525,tighten,400,0,400,1.0
margin_vs_margin_baseline,1.0,526,tighten,400,400,0,0.0
margin_vs_margin_baseline,1.0,527,tighten,400,400,0,0.0
margin_vs_margin_baseline,1.0,528,tighten,400,400,0,0.0
margin_vs_margin_baseline,1.0,529,tighten,400,0,400,1.0
margin_vs_margin_baseline,1.0,530,tighten,400,79,321,0.8025
margin_vs_margin_baseline,1.0,531,tighten,400,400,0,0.0
margin_vs_margin_baseline,1.0,532,tighten,400,298,102,0.255
margin_vs_margin_baseline,1.0,533,tighten,400,0,400,1.0
margin_vs_margin_baseline,1.0,534,tighten,400,0,400,1.0
margin_vs_margin_baseline,1.0,535,tighten,400,0,400,1.0
margin_vs_margin_baseline,1.0,536,tighten,400,400,0,0.0
margin_vs_margin_baseline,1.0,537,tighten,400,350,50,0.125
margin_vs_margin_baseline,1.0,538,tighten,400,0,400,1.0
margin_vs_margin_baseline,1.0,539,tighten,400,0,400,1.0
margin_vs_margin_baseline,1.0,540,tighten,400,74,326,0.815
margin_vs_margin_baseline,1.0,541,tighten,400,216,184,0.46
margin_vs_margin_baseline,1.0,542,tighten,400,201,199,0.4975
margin_vs_margin_baseline,1.0,543,tighten,400,400,0,0.0
margin_vs_margin_baseline,1.0,544,tighten,400,371,29,0.0725
margin_vs_margin_baseline,1.0,545,tighten,400,28,372,0.93
margin_vs_margin_baseline,1.0,546,tighten,400,400,0,0.0
margin_vs_margin_baseline,1.0,547,tighten,400,316,84,0.21
margin_vs_margin_baseline,1.0,548,tighten,400,266,134,0.335
margin_vs_margin_baseline,1.0,549,tighten,400,148,252,0.63
margin_vs_margin_baseline,1.0,550,tighten,400,23,377,0.9425
margin_vs_margin_baseline,1.0,551,tighten,400,330,70,0.175
margin_vs_margin_baseline,1.0,552,tighten,400,247,153,0.3825
margin_vs_margin_baseline,1.0,553,tighten,400,15,385,0.9625
margin_vs_margin_baseline,1.0,554,tighten,400,400,0,0.0
margin_vs_margin_baseline,1.0,555,tighten,400,228,172,0.43
margin_vs_margin_baseline,1.0,556,tighten,400,400,0,0.0
margin_vs_margin_baseline,1.0,557,tighten,400,266,134,0.335
margin_vs_margin_baseline,1.0,558,tighten,400,14,386,0.965
margin_vs_margin_baseline,1.0,559,tighten,400,361,39,0.0975
margin_vs_margin_baseline,1.0,560,tighten,400,0,400,1.0
margin_vs_margin_baseline,1.0,561,tighten,400,400,0,0.0
margin_vs_margin_baseline,1.0,562,tighten,400,294,106,0.265
margin_vs_margin_baseline,1.0,563,tighten,400,1,399,0.9975
margin_vs_margin_baseline,1.0,564,tighten,400,375,25,0.0625
margin_vs_margin_baseline,1.0,565,tighten,400,168,232,0.58
margin_vs_margin_baseline,1.0,566,tighten,400,1,399,0.9975
margin_vs_margin_baseline,1.0,567,tighten,400,0,400,1.0
margin_vs_margin_baseline,1.0,568,tighten,400,370,30,0.075
margin_vs_margin_baseline,1.0,569,tighten,400,22,378,0.945
margin_vs_margin_baseline,1.0,570,tighten,400,0,400,1.0
margin_vs_margin_baseline,1.0,571,tighten,400,400,0,0.0
margin_vs_margin_baseline,1.0,572,tighten,400,0,400,1.0
margin_vs_margin_baseline,1.0,573,tighten,400,0,400,1.0
margin_vs_margin_baseline,1.0,574,tighten,400,285,115,0.2875
margin_vs_margin_baseline,1.0,575,tighten,400,365,35,0.0875
margin_vs_margin_baseline,1.0,576,tighten,400,86,314,0.785
margin_vs_margin_baseline,1.0,577,tighten,400,0,400,1.0
margin_vs_margin_baseline,1.0,578,tighten,400,123,277,0.6925
margin_vs_margin_baseline,1.0,579,tighten,400,0,400,1.0
margin_vs_margin_baseline,1.0,580,tighten,400,134,266,0.665
margin_vs_margin_baseline,1.0,581,tighten,400,0,400,1.0
margin_vs_margin_baseline,1.0,582,tighten,400,400,0,0.0
margin_vs_margin_baseline,1.0,583,tighten,400,0,400,1.0
margin_vs_margin_baseline,1.0,584,tighten,400,127,273,0.6825
margin_vs_margin_baseline,1.0,585,tighten,400,192,208,0.52
margin_vs_margin_baseline,1.0,586,tighten,400,0,400,1.0
margin_vs_margin_baseline,1.0,587,tighten,400,317,83,0.2075
margin_vs_margin_baseline,1.0,588,tighten,400,400,0,0.0
margin_vs_margin_baseline,1.0,589,tighten,400,180,220,0.55
margin_vs_margin_baseline,1.0,590,tighten,400,193,207,0.5175
margin_vs_margin_baseline,1.0,591,tighten,400,0,400,1.0
margin_vs_margin_baseline,1.0,592,tighten,400,0,400,1.0
margin_vs_margin_baseline,1.0,593,tighten,400,0,400,1.0
margin_vs_margin_baseline,1.0,594,tighten,400,371,29,0.0725
margin_vs_margin_baseline,1.0,595,tighten,400,400,0,0.0
margin_vs_margin_baseline,1.0,596,tighten,400,0,400,1.0
margin_vs_margin_baseline,1.0,597,tighten,400,92,308,0.77
margin_vs_margin_baseline,1.0,598,tighten,400,400,0,0.0
margin_vs_margin_baseline,1.0,599,tighten,400,400,0,0.0
margin_vs_margin_baseline,1.0,600,tighten,400,169,231,0.5775
margin_vs_margin_baseline,1.0,601,tighten,400,400,0,0.0
margin_vs_margin_baseline,1.0,602,tighten,400,386,14,0.035
margin_vs_margin_baseline,1.0,603,tighten,400,0,400,1.0
margin_vs_margin_baseline,1.0,604,tighten,400,400,0,0.0
margin_vs_margin_baseline,1.0,605,tighten,400,22,378,0.945
margin_vs_margin_baseline,1.0,606,tighten,400,400,0,0.0
margin_vs_margin_baseline,1.0,607,tighten,400,47,353,0.8825
margin_vs_margin_baseline,1.0,608,tighten,400,400,0,0.0
margin_vs_margin_baseline,1.0,609,tighten,400,27,373,0.9325
margin_vs_margin_baseline,1.0,610,tighten,400,53,347,0.8675
margin_vs_margin_baseline,1.0,611,tighten,400,20,380,0.95
margin_vs_margin_baseline,1.0,612,tighten,400,400,0,0.0
margin_vs_margin_baseline,1.0,613,tighten,400,348,52,0.13
margin_vs_margin_baseline,1.0,614,tighten,400,400,0,0.0
margin_vs_margin_baseline,1.0,615,tighten,400,400,0,0.0
margin_vs_margin_baseline,1.0,616,tighten,400,279,121,0.3025
margin_vs_margin_baseline,1.0,617,tighten,400,400,0,0.0
margin_vs_margin_baseline,1.0,618,tighten,400,76,324,0.81
margin_vs_margin_baseline,1.0,619,tighten,400,0,400,1.0
margin_vs_margin_baseline,1.0,620,tighten,400,92,308,0.77
margin_vs_margin_baseline,1.0,621,tighten,400,257,143,0.3575
margin_vs_margin_baseline,1.0,622,tighten,400,400,0,0.0
margin_vs_margin_baseline,1.0,623,tighten,400,86,314,0.785
margin_vs_margin_baseline,1.0,624,tighten,400,400,0,0.0
margin_vs_margin_baseline,1.0,625,tighten,400,400,0,0.0
margin_vs_margin_baseline,1.0,626,tighten,400,0,400,1.0
margin_vs_margin_baseline,1.0,627,tighten,400,38,362,0.905
margin_vs_margin_baseline,1.0,628,tighten,400,0,400,1.0
margin_vs_margin_baseline,1.0,629,tighten,400,400,0,0.0
margin_vs_margin_baseline,1.0,630,tighten,400,378,22,0.055
margin_vs_margin_baseline,1.0,631,tighten,400,400,0,0.0
margin_vs_margin_baseline,1.0,632,tighten,400,400,0,0.0
margin_vs_margin_baseline,1.0,633,tighten,400,0,400,1.0
margin_vs_margin_baseline,1.0,634,tighten,400,0,400,1.0
margin_vs_margin_baseline,1.0,635,tighten,400,0,400,1.0
margin_vs_margin_baseline,1.0,636,tighten,400,161,239,0.5975
margin_vs_margin_baseline,1.0,637,tighten,400,400,0,0.0
margin_vs_margin_baseline,1.0,638,tighten,400,400,0,0.0
margin_vs_margin_baseline,1.0,639,tighten,400,259,141,0.3525
margin_vs_margin_baseline,1.0,640,tighten,400,165,235,0.5875
margin_vs_margin_baseline,1.0,641,tighten,400,6,394,0.985
margin_vs_margin_baseline,1.0,642,tighten,400,75,325,0.8125
margin_vs_margin_baseline,1.0,643,tighten,400,0,400,1.0
margin_vs_margin_baseline,1.0,644,tighten,400,313,87,0.2175
margin_vs_margin_baseline,1.0,645,tighten,400,48,352,0.88
margin_vs_margin_baseline,1.0,646,tighten,400,243,157,0.3925
margin_vs_margin_baseline,1.0,647,tighten,400,216,184,0.46
margin_vs_margin_baseline,1.0,648,tighten,400,318,82,0.205
margin_vs_margin_baseline,1.0,649,tighten,400,186,214,0.535
margin_vs_margin_baseline,1.0,650,tighten,400,400,0,0.0
margin_vs_margin_baseline,1.0,651,tighten,400,63,337,0.8425
margin_vs_margin_baseline,1.0,652,tighten,400,0,400,1.0
margin_vs_margin_baseline,1.0,653,tighten,400,106,294,0.735
margin_vs_margin_baseline,1.0,654,tighten,400,14,386,0.965
margin_vs_margin_baseline,1.0,655,tighten,400,0,400,1.0
margin_vs_margin_baseline,1.0,656,tighten,400,99,301,0.7525
margin_vs_margin_baseline,1.0,657,tighten,400,90,310,0.775
margin_vs_margin_baseline,1.0,658,tighten,400,85,315,0.7875
margin_vs_margin_baseline,1.0,659,tighten,400,0,400,1.0
margin_vs_margin_baseline,1.0,660,tighten,400,0,400,1.0
margin_vs_margin_baseline,1.0,661,tighten,400,400,0,0.0
margin_vs_margin_baseline,1.0,662,tighten,400,400,0,0.0
margin_vs_margin_baseline,1.0,663,tighten,400,364,36,0.09
margin_vs_margin_baseline,1.0,664,tighten,400,308,92,0.23
margin_vs_margin_baseline,1.0,665,tighten,400,399,1,0.0025
margin_vs_margin_baseline,1.0,666,tighten,400,44,356,0.89
margin_vs_margin_baseline,1.0,667,tighten,400,0,400,1.0
margin_vs_margin_baseline,1.0,668,tighten,400,0,400,1.0
margin_vs_margin_baseline,1.0,669,tighten,400,0,400,1.0
margin_vs_margin_baseline,1.0,670,tighten,400,119,281,0.7025
margin_vs_margin_baseline,1.0,671,tighten,400,296,104,0.26
margin_vs_margin_baseline,1.0,672,tighten,400,400,0,0.0
margin_vs_margin_baseline,1.0,673,tighten,400,277,123,0.3075
margin_vs_margin_baseline,1.0,674,tighten,400,340,60,0.15
margin_vs_margin_baseline,1.0,675,tighten,400,161,239,0.5975
margin_vs_margin_baseline,1.0,676,tighten,400,307,93,0.2325
margin_vs_margin_baseline,1.0,677,tighten,400,301,99,0.2475
margin_vs_margin_baseline,1.0,678,tighten,400,0,400,1.0
margin_vs_margin_baseline,1.0,679,tighten,400,324,76,0.19
margin_vs_margin_baseline,1.0,680,tighten,400,79,321,0.8025
margin_vs_margin_baseline,1.0,681,tighten,400,109,291,0.7275
margin_vs_margin_baseline,1.0,682,tighten,400,376,24,0.06
margin_vs_margin_baseline,1.0,683,tighten,400,0,400,1.0
margin_vs_margin_baseline,1.0,684,tighten,400,124,276,0.69
margin_vs_margin_baseline,1.0,685,tighten,400,363,37,0.0925
margin_vs_margin_baseline,1.0,686,tighten,400,233,167,0.4175
margin_vs_margin_baseline,1.0,687,tighten,400,0,400,1.0
margin_vs_margin_baseline,1.0,688,tighten,400,89,311,0.7775
margin_vs_margin_baseline,1.0,689,tighten,400,398,2,0.005
margin_vs_margin_baseline,1.0,690,tighten,400,342,58,0.145
margin_vs_margin_baseline,1.0,691,tighten,400,400,0,0.0
margin_vs_margin_baseline,1.0,692,tighten,400,400,0,0.0
margin_vs_margin_baseline,1.0,693,tighten,400,312,88,0.22
margin_vs_margin_baseline,1.0,694,tighten,400,92,308,0.77
margin_vs_margin_baseline,1.0,695,tighten,400,319,81,0.2025
margin_vs_margin_baseline,1.0,696,tighten,400,225,175,0.4375
margin_vs_margin_baseline,1.0,697,tighten,400,324,76,0.19
margin_vs_margin_baseline,1.0,698,tighten,400,400,0,0.0
margin_vs_margin_baseline,1.0,699,tighten,400,23,377,0.9425
margin_vs_margin_baseline,1.0,700,tighten,400,273,127,0.3175
margin_vs_margin_baseline,1.0,701,tighten,400,78,322,0.805
margin_vs_margin_baseline,1.0,702,tighten,400,292,108,0.27
margin_vs_margin_baseline,1.0,703,tighten,400,27,373,0.9325
margin_vs_margin_baseline,1.0,704,tighten,400,56,344,0.86
margin_vs_margin_baseline,1.0,705,tighten,400,0,400,1.0
margin_vs_margin_baseline,1.0,706,tighten,400,400,0,0.0
margin_vs_margin_baseline,1.0,707,tighten,400,107,293,0.7325
margin_vs_margin_baseline,1.0,708,tighten,400,240,160,0.4
margin_vs_margin_baseline,1.0,709,tighten,400,0,400,1.0
margin_vs_margin_baseline,1.0,710,tighten,400,46,354,0.885
margin_vs_margin_baseline,1.0,711,tighten,400,24,376,0.94
margin_vs_margin_baseline,1.0,712,tighten,400,186,214,0.535
margin_vs_margin_baseline,1.0,713,tighten,400,0,400,1.0
margin_vs_margin_baseline,1.0,714,tighten,400,137,263,0.6575
margin_vs_margin_baseline,1.0,715,tighten,400,311,89,0.2225
margin_vs_margin_baseline,1.0,716,tighten,400,0,400,1.0
margin_vs_margin_baseline,1.0,717,tighten,400,6,394,0.985
margin_vs_margin_baseline,1.0,718,tighten,400,400,0,0.0
margin_vs_margin_baseline,1.0,719,tighten,400,398,2,0.005
margin_vs_margin_baseline,1.0,720,tighten,400,400,0,0.0
margin_vs_margin_baseline,1.0,721,tighten,400,400,0,0.0
margin_vs_margin_baseline,1.0,722,tighten,400,397,3,0.0075
margin_vs_margin_baseline,1.0,723,tighten,400,0,400,1.0
margin_vs_margin_baseline,1.0,724,tighten,400,400,0,0.0
margin_vs_margin_baseline,1.0,725,tighten,400,400,0,0.0
margin_vs_margin_baseline,1.0,726,tighten,400,400,0,0.0
margin_vs_margin_baseline,1.0,727,tighten,400,400,0,0.0
margin_vs_margin_baseline,1.0,728,tighten,400,0,400,1.0
margin_vs_margin_baseline,1.0,729,tighten,400,0,400,1.0
margin_vs_margin_baseline,1.0,730,tighten,400,0,400,1.0
margin_vs_margin_baseline,1.0,731,tighten,400,164,236,0.59
margin_vs_margin_baseline,1.0,732,tighten,400,0,400,1.0
margin_vs_margin_baseline,1.0,733,tighten,400,21,379,0.9475
margin_vs_margin_baseline,1.0,734,tighten,400,3,397,0.9925
margin_vs_margin_baseline,1.0,735,tighten,400,400,0,0.0
margin_vs_margin_baseline,1.0,736,tighten,400,55,345,0.8625
margin_vs_margin_baseline,1.0,737,tighten,400,312,88,0.22
margin_vs_margin_baseline,1.0,738,tighten,400,0,400,1.0
margin_vs_margin_baseline,1.0,739,tighten,400,400,0,0.0
margin_vs_margin_baseline,1.0,740,tighten,400,330,70,0.175
margin_vs_margin_baseline,1.0,741,tighten,400,400,0,0.0
margin_vs_margin_baseline,1.0,742,tighten,400,0,400,1.0
margin_vs_margin_baseline,1.0,743,tighten,400,400,0,0.0
margin_vs_margin_baseline,1.0,744,tighten,400,304,96,0.24
margin_vs_margin_baseline,1.0,745,tighten,400,217,183,0.4575
margin_vs_margin_baseline,1.0,746,tighten,400,183,217,0.5425
margin_vs_margin_baseline,1.0,747,tighten,400,27,373,0.9325
margin_vs_margin_baseline,1.0,748,tighten,400,26,374,0.935
margin_vs_margin_baseline,1.0,749,tighten,400,70,330,0.825
margin_vs_margin_baseline,1.0,750,tighten,400,290,110,0.275
margin_vs_margin_baseline,1.0,751,tighten,400,21,379,0.9475
margin_vs_margin_baseline,1.0,752,tighten,400,33,367,0.9175
margin_vs_margin_baseline,1.0,753,tighten,400,400,0,0.0
margin_vs_margin_baseline,1.0,754,tighten,400,112,288,0.72
margin_vs_margin_baseline,1.0,755,tighten,400,252,148,0.37
margin_vs_margin_baseline,1.0,756,tighten,400,0,400,1.0
margin_vs_margin_baseline,1.0,757,tighten,400,209,191,0.4775
margin_vs_margin_baseline,1.0,758,tighten,400,13,387,0.9675
margin_vs_margin_baseline,1.0,759,tighten,400,0,400,1.0
margin_vs_margin_baseline,1.0,760,tighten,400,81,319,0.7975
margin_vs_margin_baseline,1.0,761,tighten,400,343,57,0.1425
margin_vs_margin_baseline,1.0,762,tighten,400,0,400,1.0
margin_vs_margin_baseline,1.0,763,tighten,400,378,22,0.055
margin_vs_margin_baseline,1.0,764,tighten,400,8,392,0.98
margin_vs_margin_baseline,1.0,765,tighten,400,0,400,1.0
margin_vs_margin_baseline,1.0,766,tighten,400,326,74,0.185
margin_vs_margin_baseline,1.0,767,tighten,400,78,322,0.805
margin_vs_margin_baseline,1.0,768,tighten,400,400,0,0.0
margin_vs_margin_baseline,1.0,769,tighten,400,325,75,0.1875
margin_vs_margin_baseline,1.0,770,tighten,400,0,400,1.0
margin_vs_margin_baseline,1.0,771,tighten,400,0,400,1.0
margin_vs_margin_baseline,1.0,772,tighten,400,190,210,0.525
margin_vs_margin_baseline,1.0,773,tighten,400,0,400,1.0
margin_vs_margin_baseline,1.0,774,tighten,400,356,44,0.11
margin_vs_margin_baseline,1.0,775,tighten,400,175,225,0.5625
margin_vs_margin_baseline,1.0,776,tighten,400,400,0,0.0
margin_vs_margin_baseline,1.0,777,tighten,400,238,162,0.405
margin_vs_margin_baseline,1.0,778,tighten,400,91,309,0.7725
margin_vs_margin_baseline,1.0,779,tighten,400,400,0,0.0
margin_vs_margin_baseline,1.0,780,tighten,400,400,0,0.0
margin_vs_margin_baseline,1.0,781,tighten,400,0,400,1.0
margin_vs_margin_baseline,1.0,782,tighten,400,0,400,1.0
margin_vs_margin_baseline,1.0,783,tighten,400,101,299,0.7475
margin_vs_margin_baseline,1.0,784,tighten,400,0,400,1.0
margin_vs_margin_baseline,1.0,785,tighten,400,338,62,0.155
margin_vs_margin_baseline,1.0,786,tighten,400,0,400,1.0
margin_vs_margin_baseline,1.0,787,tighten,400,382,18,0.045
margin_vs_margin_baseline,1.0,788,tighten,400,257,143,0.3575
margin_vs_margin_baseline,1.0,789,tighten,400,0,400,1.0
margin_vs_margin_baseline,1.0,790,tighten,400,49,351,0.8775
margin_vs_margin_baseline,1.0,791,tighten,400,145,255,0.6375
margin_vs_margin_baseline,1.0,792,tighten,400,48,352,0.88
margin_vs_margin_baseline,1.0,793,tighten,400,0,400,1.0
margin_vs_margin_baseline,1.0,794,tighten,400,207,193,0.4825
margin_vs_margin_baseline,1.0,795,tighten,400,400,0,0.0
margin_vs_margin_baseline,1.0,796,tighten,400,400,0,0.0
margin_vs_margin_baseline,1.0,797,tighten,400,375,25,0.0625
margin_vs_margin_baseline,1.0,798,tighten,400,190,210,0.525
margin_vs_margin_baseline,1.0,799,tighten,400,0,400,1.0
margin_vs_margin_baseline,1.0,800,tighten,400,115,285,0.7125
margin_vs_margin_baseline,1.0,801,tighten,400,278,122,0.305
margin_vs_margin_baseline,1.0,802,tighten,400,1,399,0.9975
margin_vs_margin_baseline,1.0,803,tighten,400,32,368,0.92
margin_vs_margin_baseline,1.0,804,tighten,400,0,400,1.0
margin_vs_margin_baseline,1.0,805,tighten,400,325,75,0.1875
margin_vs_margin_baseline,1.0,806,tighten,400,350,50,0.125
margin_vs_margin_baseline,1.0,807,tighten,400,255,145,0.3625
margin_vs_margin_baseline,1.0,808,tighten,400,0,400,1.0
margin_vs_margin_baseline,1.0,809,tighten,400,325,75,0.1875
margin_vs_margin_baseline,1.0,810,tighten,400,91,309,0.7725
margin_vs_margin_baseline,1.0,811,tighten,400,328,72,0.18
margin_vs_margin_baseline,1.0,812,tighten,400,264,136,0.34
margin_vs_margin_baseline,1.0,813,tighten,400,315,85,0.2125
margin_vs_margin_baseline,1.0,814,tighten,400,111,289,0.7225
margin_vs_margin_baseline,1.0,815,tighten,400,0,400,1.0
margin_vs_margin_baseline,1.0,816,tighten,400,400,0,0.0
margin_vs_margin_baseline,1.0,817,tighten,400,400,0,0.0
margin_vs_margin_baseline,1.0,818,tighten,400,317,83,0.2075
margin_vs_margin_baseline,1.0,819,tighten,400,394,6,0.015
margin_vs_margin_baseline,1.0,820,tighten,400,329,71,0.1775
margin_vs_margin_baseline,1.0,821,tighten,400,400,0,0.0
margin_vs_margin_baseline,1.0,822,tighten,400,330,70,0.175
margin_vs_margin_baseline,1.0,823,tighten,400,1,399,0.9975
margin_vs_margin_baseline,1.0,824,tighten,400,400,0,0.0
margin_vs_margin_baseline,1.0,825,tighten,400,0,400,1.0
margin_vs_margin_baseline,1.0,826,tighten,400,196,204,0.51
margin_vs_margin_baseline,1.0,827,tighten,400,400,0,0.0
margin_vs_margin_baseline,1.0,828,tighten,400,223,177,0.4425
margin_vs_margin_baseline,1.0,829,tighten,400,0,400,1.0
margin_vs_margin_baseline,1.0,830,tighten,400,400,0,0.0
margin_vs_margin_baseline,1.0,831,tighten,400,290,110,0.275
margin_vs_margin_baseline,1.0,832,tighten,400,114,286,0.715
margin_vs_margin_baseline,1.0,833,tighten,400,91,309,0.7725
margin_vs_margin_baseline,1.0,834,tighten,400,0,400,1.0
margin_vs_margin_baseline,1.0,835,tighten,400,399,1,0.0025
margin_vs_margin_baseline,1.0,836,tighten,400,16,384,0.96
margin_vs_margin_baseline,1.0,837,tighten,400,191,209,0.5225
margin_vs_margin_baseline,1.0,838,tighten,400,24,376,0.94
margin_vs_margin_baseline,1.0,839,tighten,400,400,0,0.0
margin_vs_margin_baseline,1.0,840,tighten,400,373,27,0.0675
margin_vs_margin_baseline,1.0,841,tighten,400,333,67,0.1675
margin_vs_margin_baseline,1.0,842,tighten,400,89,311,0.7775
margin_vs_margin_baseline,1.0,843,tighten,400,400,0,0.0
margin_vs_margin_baseline,1.0,844,tighten,400,400,0,0.0
margin_vs_margin_baseline,1.0,845,tighten,400,350,50,0.125
margin_vs_margin_baseline,1.0,846,tighten,400,3,397,0.9925
margin_vs_margin_baseline,1.0,847,tighten,400,361,39,0.0975
margin_vs_margin_baseline,1.0,848,tighten,400,112,288,0.72
margin_vs_margin_baseline,1.0,849,tighten,400,400,0,0.0
margin_vs_margin_baseline,1.0,850,tighten,400,334,66,0.165
margin_vs_margin_baseline,1.0,851,tighten,400,0,400,1.0
margin_vs_margin_baseline,1.0,852,tighten,400,50,350,0.875
margin_vs_margin_baseline,1.0,853,tighten,400,10,390,0.975
margin_vs_margin_baseline,1.0,854,tighten,400,0,400,1.0
margin_vs_margin_baseline,1.0,855,tighten,400,1,399,0.9975
margin_vs_margin_baseline,1.0,856,tighten,400,239,161,0.4025
margin_vs_margin_baseline,1.0,857,tighten,400,0,400,1.0
margin_vs_margin_baseline,1.0,858,tighten,400,16,384,0.96
margin_vs_margin_baseline,1.0,859,tighten,400,0,400,1.0
margin_vs_margin_baseline,1.0,860,tighten,400,0,400,1.0
margin_vs_margin_baseline,1.0,861,tighten,400,386,14,0.035
margin_vs_margin_baseline,1.0,862,tighten,400,347,53,0.1325
margin_vs_margin_baseline,1.0,863,tighten,400,41,359,0.8975
margin_vs_margin_baseline,1.0,864,tighten,400,315,85,0.2125
margin_vs_margin_baseline,1.0,865,tighten,400,400,0,0.0
margin_vs_margin_baseline,1.0,866,tighten,400,53,347,0.8675
margin_vs_margin_baseline,1.0,867,tighten,400,3,397,0.9925
margin_vs_margin_baseline,1.0,868,tighten,400,400,0,0.0
margin_vs_margin_baseline,1.0,869,tighten,400,400,0,0.0
margin_vs_margin_baseline,1.0,870,tighten,400,44,356,0.89
margin_vs_margin_baseline,1.0,871,tighten,400,3,397,0.9925
margin_vs_margin_baseline,1.0,872,tighten,400,371,29,0.0725
margin_vs_margin_baseline,1.0,873,tighten,400,27,373,0.9325
margin_vs_margin_baseline,1.0,874,tighten,400,264,136,0.34
margin_vs_margin_baseline,1.0,875,tighten,400,314,86,0.215
margin_vs_margin_baseline,1.0,876,tighten,400,83,317,0.7925
margin_vs_margin_baseline,1.0,877,tighten,400,400,0,0.0
margin_vs_margin_baseline,1.0,878,tighten,400,0,400,1.0
margin_vs_margin_baseline,1.0,879,tighten,400,400,0,0.0
margin_vs_margin_baseline,1.0,880,tighten,400,38,362,0.905
margin_vs_margin_baseline,1.0,881,tighten,400,318,82,0.205
margin_vs_margin_baseline,1.0,882,tighten,400,261,139,0.3475
margin_vs_margin_baseline,1.0,883,tighten,400,400,0,0.0
margin_vs_margin_baseline,1.0,884,tighten,400,381,19,0.0475
margin_vs_margin_baseline,1.0,885,tighten,400,77,323,0.8075
margin_vs_margin_baseline,1.0,886,tighten,400,55,345,0.8625
margin_vs_margin_baseline,1.0,887,tighten,400,400,0,0.0
margin_vs_margin_baseline,1.0,888,tighten,400,400,0,0.0
margin_vs_margin_baseline,1.0,889,tighten,400,397,3,0.0075
margin_vs_margin_baseline,1.0,890,tighten,400,167,233,0.5825
margin_vs_margin_baseline,1.0,891,tighten,400,1,399,0.9975
margin_vs_margin_baseline,1.0,892,tighten,400,280,120,0.3
margin_vs_margin_baseline,1.0,893,tighten,400,311,89,0.2225
margin_vs_margin_baseline,1.0,894,tighten,400,400,0,0.0
margin_vs_margin_baseline,1.0,895,tighten,400,213,187,0.4675
margin_vs_margin_baseline,1.0,896,tighten,400,361,39,0.0975
margin_vs_margin_baseline,1.0,897,tighten,400,200,200,0.5
margin_vs_margin_baseline,1.0,898,tighten,400,400,0,0.0
margin_vs_margin_baseline,1.0,899,tighten,400,400,0,0.0
margin_vs_margin_baseline,1.0,900,tighten,400,323,77,0.1925
margin_vs_margin_baseline,1.0,901,tighten,400,376,24,0.06
margin_vs_margin_baseline,1.0,902,tighten,400,0,400,1.0
margin_vs_margin_baseline,1.0,903,tighten,400,341,59,0.1475
margin_vs_margin_baseline,1.0,904,tighten,400,0,400,1.0
margin_vs_margin_baseline,1.0,905,tighten,400,0,400,1.0
margin_vs_margin_baseline,1.0,906,tighten,400,400,0,0.0
margin_vs_margin_baseline,1.0,907,tighten,400,0,400,1.0
margin_vs_margin_baseline,1.0,908,tighten,400,166,234,0.585
margin_vs_margin_baseline,1.0,909,tighten,400,0,400,1.0
margin_vs_margin_baseline,1.0,910,tighten,400,55,345,0.8625
margin_vs_margin_baseline,1.0,911,tighten,400,400,0,0.0
margin_vs_margin_baseline,1.0,912,tighten,400,400,0,0.0
margin_vs_margin_baseline,1.0,913,tighten,400,0,400,1.0
margin_vs_margin_baseline,1.0,914,tighten,400,400,0,0.0
margin_vs_margin_baseline,1.0,915,tighten,400,0,400,1.0
margin_vs_margin_baseline,1.0,916,tighten,400,0,400,1.0
margin_vs_margin_baseline,1.0,917,tighten,400,0,400,1.0
margin_vs_margin_baseline,1.0,918,tighten,400,169,231,0.5775
margin_vs_margin_baseline,1.0,919,tighten,400,340,60,0.15
margin_vs_margin_baseline,1.0,920,tighten,400,0,400,1.0
margin_vs_margin_baseline,1.0,921,tighten,400,400,0,0.0
margin_vs_margin_baseline,1.0,922,tighten,400,37,363,0.9075
margin_vs_margin_baseline,1.0,923,tighten,400,73,327,0.8175
margin_vs_margin_baseline,1.0,924,tighten,400,316,84,0.21
margin_vs_margin_baseline,1.0,925,tighten,400,199,201,0.5025
margin_vs_margin_baseline,1.0,926,tighten,400,0,400,1.0
margin_vs_margin_baseline,1.0,927,tighten,400,376,24,0.06
margin_vs_margin_baseline,1.0,928,tighten,400,400,0,0.0
margin_vs_margin_baseline,1.0,929,tighten,400,399,1,0.0025
margin_vs_margin_baseline,1.0,930,tighten,400,391,9,0.0225
margin_vs_margin_baseline,1.0,931,tighten,400,55,345,0.8625
margin_vs_margin_baseline,1.0,932,tighten,400,0,400,1.0
margin_vs_margin_baseline,1.0,933,tighten,400,0,400,1.0
margin_vs_margin_baseline,1.0,934,tighten,400,240,160,0.4
margin_vs_margin_baseline,1.0,935,tighten,400,105,295,0.7375
margin_vs_margin_baseline,1.0,936,tighten,400,179,221,0.5525
margin_vs_margin_baseline,1.0,937,tighten,400,295,105,0.2625
margin_vs_margin_baseline,1.0,938,tighten,400,0,400,1.0
margin_vs_margin_baseline,1.0,939,tighten,400,7,393,0.9825
margin_vs_margin_baseline,1.0,940,tighten,400,314,86,0.215
margin_vs_margin_baseline,1.0,941,tighten,400,400,0,0.0
margin_vs_margin_baseline,1.0,942,tighten,400,358,42,0.105
margin_vs_margin_baseline,1.0,943,tighten,400,0,400,1.0
margin_vs_margin_baseline,1.0,944,tighten,400,60,340,0.85
margin_vs_margin_baseline,1.0,945,tighten,400,0,400,1.0
margin_vs_margin_baseline,1.0,946,tighten,400,60,340,0.85
margin_vs_margin_baseline,1.0,947,tighten,400,44,356,0.89
margin_vs_margin_baseline,1.0,948,tighten,400,0,400,1.0
margin_vs_margin_baseline,1.0,949,tighten,400,0,400,1.0
margin_vs_margin_baseline,1.0,950,tighten,400,365,35,0.0875
margin_vs_margin_baseline,1.0,951,tighten,400,148,252,0.63
margin_vs_margin_baseline,1.0,952,tighten,400,77,323,0.8075
margin_vs_margin_baseline,1.0,953,tighten,400,400,0,0.0
margin_vs_margin_baseline,1.0,954,tighten,400,400,0,0.0
margin_vs_margin_baseline,1.0,955,tighten,400,400,0,0.0
margin_vs_margin_baseline,1.0,956,tighten,400,400,0,0.0
margin_vs_margin_baseline,1.0,957,tighten,400,0,400,1.0
margin_vs_margin_baseline,1.0,958,tighten,400,0,400,1.0
margin_vs_margin_baseline,1.0,959,tighten,400,400,0,0.0
margin_vs_margin_baseline,1.0,960,tighten,400,262,138,0.345
margin_vs_margin_baseline,1.0,961,tighten,400,400,0,0.0
margin_vs_margin_baseline,1.0,962,tighten,400,400,0,0.0
margin_vs_margin_baseline,1.0,963,tighten,400,278,122,0.305
margin_vs_margin_baseline,1.0,964,tighten,400,302,98,0.245
margin_vs_margin_baseline,1.0,965,tighten,400,41,359,0.8975
margin_vs_margin_baseline,1.0,966,tighten,400,381,19,0.0475
margin_vs_margin_baseline,1.0,967,tighten,400,289,111,0.2775
margin_vs_margin_baseline,1.0,968,tighten,400,300,100,0.25
margin_vs_margin_baseline,1.0,969,tighten,400,190,210,0.525
margin_vs_margin_baseline,1.0,970,tighten,400,400,0,0.0
margin_vs_margin_baseline,1.0,971,tighten,400,0,400,1.0
margin_vs_margin_baseline,1.0,972,tighten,400,400,0,0.0
margin_vs_margin_baseline,1.0,973,tighten,400,70,330,0.825
margin_vs_margin_baseline,1.0,974,tighten,400,264,136,0.34
margin_vs_margin_baseline,1.0,975,tighten,400,309,91,0.2275
margin_vs_margin_baseline,1.0,976,tighten,400,0,400,1.0
margin_vs_margin_baseline,1.0,977,tighten,400,392,8,0.02
margin_vs_margin_baseline,1.0,978,tighten,400,317,83,0.2075
margin_vs_margin_baseline,1.0,979,tighten,400,201,199,0.4975
margin_vs_margin_baseline,1.0,980,tighten,400,249,151,0.3775
margin_vs_margin_baseline,1.0,981,tighten,400,392,8,0.02
margin_vs_margin_baseline,1.0,982,tighten,400,96,304,0.76
margin_vs_margin_baseline,1.0,983,tighten,400,400,0,0.0
margin_vs_margin_baseline,1.0,984,tighten,400,0,400,1.0
margin_vs_margin_baseline,1.0,985,tighten,400,104,296,0.74
margin_vs_margin_baseline,1.0,986,tighten,400,328,72,0.18
margin_vs_margin_baseline,1.0,987,tighten,400,364,36,0.09
margin_vs_margin_baseline,1.0,988,tighten,400,216,184,0.46
margin_vs_margin_baseline,1.0,989,tighten,400,400,0,0.0
margin_vs_margin_baseline,1.0,990,tighten,400,156,244,0.61
margin_vs_margin_baseline,1.0,991,tighten,400,0,400,1.0
margin_vs_margin_baseline,1.0,992,tighten,400,101,299,0.7475
margin_vs_margin_baseline,1.0,993,tighten,400,383,17,0.0425
margin_vs_margin_baseline,1.0,994,tighten,400,359,41,0.1025
margin_vs_margin_baseline,1.0,995,tighten,400,400,0,0.0
margin_vs_margin_baseline,1.0,996,tighten,400,400,0,0.0
margin_vs_margin_baseline,1.0,997,tighten,400,88,312,0.78
margin_vs_margin_baseline,1.0,998,tighten,400,44,356,0.89
margin_vs_margin_baseline,1.0,999,tighten,400,367,33,0.0825
margin_vs_margin_baseline,1.0,1000,tighten,400,92,308,0.77
margin_vs_margin_baseline,1.0,1001,tighten,400,83,317,0.7925
margin_vs_margin_baseline,1.0,1002,tighten,400,315,85,0.2125
margin_vs_margin_baseline,1.0,1003,tighten,400,238,162,0.405
margin_vs_margin_baseline,2.0,1004,refine_extra,400,0,400,1.0
margin_vs_margin_baseline,2.0,1005,refine_extra,400,0,400,1.0
margin_vs_margin_baseline,2.0,1006,refine_extra,400,0,400,1.0
margin_vs_margin_baseline,2.0,1007,refine_extra,400,0,400,1.0
margin_vs_margin_baseline,0.5520447568369061,1008,refine_extra,400,400,0,0.0
margin_vs_margin_baseline,0.5520447568369061,1009,refine_extra,400,400,0,0.0
margin_vs_margin_baseline,0.5520447568369061,1010,refine_extra,400,400,0,0.0
margin_vs_margin_baseline,0.5520447568369061,1011,refine_extra,400,400,0,0.0
margin_vs_margin_baseline,0.6095068271022377,1012,refine_extra,400,400,0,0.0
margin_vs_margin_baseline,0.6095068271022377,1013,refine_extra,400,400,0,0.0
margin_vs_margin_baseline,0.6095068271022377,1014,refine_extra,400,400,0,0.0
margin_vs_margin_baseline,0.6095068271022377,1015,refine_extra,400,400,0,0.0
margin_vs_margin_baseline,0.6729500963161781,1016,refine_extra,400,400,0,0.0
margin_vs_margin_baseline,0.6729500963161781,1017,refine_extra,400,400,0,0.0
margin_vs_margin_baseline,0.6729500963161781,1018,refine_extra,400,400,0,0.0
margin_vs_margin_baseline,0.6729500963161781,1019,refine_extra,400,400,0,0.0
margin_vs_margin_baseline,0.7429971445684742,1020,refine_extra,400,400,0,0.0
margin_vs_margin_baseline,0.7429971445684742,1021,refine_extra,400,400,0,0.0
margin_vs_margin_baseline,0.7429971445684742,1022,refine_extra,400,400,0,0.0
margin_vs_margin_baseline,0.7429971445684742,1023,refine_extra,400,400,0,0.0
margin_vs_margin_baseline,0.820335356007638,1024,refine_extra,400,400,0,0.0
margin_vs_margin_baseline,0.820335356007638,1025,refine_extra,400,400,0,0.0
margin_vs_margin_baseline,0.820335356007638,1026,refine_extra,400,400,0,0.0
margin_vs_margin_baseline,0.820335356007638,1027,refine_extra,400,400,0,0.0
margin_vs_margin_baseline,0.9057236642639066,1028,refine_extra,400,400,0,0.0
margin_vs_margin_baseline,0.9057236642639066,1029,refine_extra,400,400,0,0.0
margin_vs_margin_baseline,0.9057236642639066,1030,refine_extra,400,400,0,0.0
margin_vs_margin_baseline,0.9057236642639066,1031,refine_extra,400,400,0,0.0
margin_vs_margin_baseline,2.0,1032,refine_extra,400,0,400,1.0
margin_vs_margin_baseline,2.0,1033,refine_extra,400,0,400,1.0
margin_vs_margin_baseline,2.0,1034,refine_extra,400,0,400,1.0
margin_vs_margin_baseline,2.0,1035,refine_extra,400,0,400,1.0
margin_vs_margin_baseline,0.5,1036,refine_extra,400,400,0,0.0
margin_vs_margin_baseline,0.5,1037,refine_extra,400,400,0,0.0
margin_vs_margin_baseline,0.5,1038,refine_extra,400,400,0,0.0
margin_vs_margin_baseline,0.5,1039,refine_extra,400,400,0,0.0
margin_vs_margin_baseline,0.5520447568369061,1040,refine_extra,400,400,0,0.0
margin_vs_margin_baseline,0.5520447568369061,1041,refine_extra,400,400,0,0.0
margin_vs_margin_baseline,0.5520447568369061,1042,refine_extra,400,400,0,0.0
margin_vs_margin_baseline,0.5520447568369061,1043,refine_extra,400,400,0,0.0
margin_vs_margin_baseline,0.6095068271022377,1044,refine_extra,400,400,0,0.0
margin_vs_margin_baseline,0.6095068271022377,1045,refine_extra,400,400,0,0.0
margin_vs_margin_baseline,0.6095068271022377,1046,refine_extra,400,400,0,0.0
margin_vs_margin_baseline,0.6095068271022377,1047,refine_extra,400,400,0,0.0
margin_vs_margin_baseline,0.6729500963161781,1048,refine_extra,400,400,0,0.0
margin_vs_margin_baseline,0.6729500963161781,1049,refine_extra,400,400,0,0.0
margin_vs_margin_baseline,0.6729500963161781,1050,refine_extra,400,400,0,0.0
margin_vs_margin_baseline,0.6729500963161781,1051,refine_extra,400,400,0,0.0
margin_vs_margin_baseline,0.7429971445684742,1052,refine_extra,400,400,0,0.0
margin_vs_margin_baseline,0.7429971445684742,1053,refine_extra,400,400,0,0.0
margin_vs_margin_baseline,0.7429971445684742,1054,refine_extra,400,400,0,0.0
margin_vs_margin_baseline,0.7429971445684742,1055,refine_extra,400,400,0,0.0
margin_vs_margin_baseline,0.820335356007638,1056,refine_extra,400,400,0,0.0
margin_vs_margin_baseline,0.820335356007638,1057,refine_extra,400,400,0,0.0
margin_vs_margin_baseline,0.820335356007638,1058,refine_extra,400,400,0,0.0
margin_vs_margin_baseline,0.820335356007638,1059,refine_extra,400,400,0,0.0
margin_vs_margin_baseline,0.9057236642639066,1060,refine_extra,400,400,0,0.0
margin_vs_margin_baseline,0.9057236642639066,1061,refine_extra,400,400,0,0.0
margin_vs_margin_baseline,0.9057236642639066,1062,refine_extra,400,400,0,0.0
margin_vs_margin_baseline,0.9057236642639066,1063,refine_extra,400,400,0,0.0
margin_vs_margin_baseline,2.0,1064,refine_extra,400,0,400,1.0
margin_vs_margin_baseline,2.0,1065,refine_extra,400,0,400,1.0
margin_vs_margin_baseline,2.0,1066,refine_extra,400,0,400,1.0
margin_vs_margin_baseline,2.0,1067,refine_extra,400,0,400,1.0
margin_vs_margin_baseline,1.0,1068,tighten,400,384,16,0.04
margin_vs_margin_baseline,1.0,1069,tighten,400,198,202,0.505
margin_vs_margin_baseline,1.0,1070,tighten,400,399,1,0.0025
margin_vs_margin_baseline,1.0,1071,tighten,400,164,236,0.59
margin_vs_margin_baseline,0.9516951530106196,1072,insert,400,400,0,0.0
margin_vs_margin_baseline,0.9516951530106196,1073,insert,400,400,0,0.0
margin_vs_margin_baseline,0.9516951530106196,1074,insert,400,400,0,0.0
margin_vs_margin_baseline,0.9516951530106196,1075,insert,400,400,0,0.0
margin_vs_margin_baseline,0.9755486420525732,1076,insert,400,400,0,0.0
margin_vs_margin_baseline,0.9755486420525732,1077,insert,400,400,0,0.0
margin_vs_margin_baseline,0.9755486420525732,1078,insert,400,400,0,0.0
margin_vs_margin_baseline,0.9755486420525732,1079,insert,400,400,0,0.0
margin_vs_margin_baseline,0.987698659537702,1080,insert,400,400,0,0.0
margin_vs_margin_baseline,0.987698659537702,1081,insert,400,400,0,0.0
margin_vs_margin_baseline,0.987698659537702,1082,insert,400,400,0,0.0
margin_vs_margin_baseline,0.987698659537702,1083,insert,400,400,0,0.0
margin_vs_margin_baseline,0.993830297152236,1084,insert,400,400,0,0.0
margin_vs_margin_baseline,0.993830297152236,1085,insert,400,400,0,0.0
margin_vs_margin_baseline,0.993830297152236,1086,insert,400,400,0,0.0
margin_vs_margin_baseline,0.993830297152236,1087,insert,400,400,0,0.0
margin_vs_margin_baseline,0.99691037568692,1088,insert,400,267,133,0.3325
margin_vs_margin_baseline,0.99691037568692,1089,insert,400,97,303,0.7575
margin_vs_margin_baseline,0.99691037568692,1090,insert,400,400,0,0.0
margin_vs_margin_baseline,0.99691037568692,1091,insert,400,400,0,0.0
margin_vs_margin_baseline,0.99691037568692,1092,tighten,400,400,0,0.0
margin_vs_margin_baseline,0.99691037568692,1093,tighten,400,400,0,0.0
margin_vs_margin_baseline,0.99691037568692,1094,tighten,400,400,0,0.0
margin_vs_margin_baseline,0.99691037568692,1095,tighten,400,400,0,0.0
margin_vs_margin_baseline,0.99691037568692,1096,tighten,400,400,0,0.0
margin_vs_margin_baseline,0.99691037568692,1097,tighten,400,400,0,0.0
margin_vs_margin_baseline,0.99691037568692,1098,tighten,400,400,0,0.0
margin_vs_margin_baseline,0.99691037568692,1099,tighten,400,400,0,0.0
margin_vs_margin_baseline,0.99691037568692,1100,tighten,400,400,0,0.0
margin_vs_margin_baseline,0.99691037568692,1101,tighten,400,123,277,0.6925
margin_vs_margin_baseline,0.99691037568692,1102,tighten,400,21,379,0.9475
margin_vs_margin_baseline,0.99691037568692,1103,tighten,400,0,400,1.0
margin_vs_margin_baseline,1.414213562373095,1104,insert,400,0,400,1.0
margin_vs_margin_baseline,1.414213562373095,1105,insert,400,0,400,1.0
margin_vs_margin_baseline,1.414213562373095,1106,insert,400,0,400,1.0
margin_vs_margin_baseline,1.414213562373095,1107,insert,400,0,400,1.0
margin_vs_margin_baseline,1.189207115002721,1108,insert,400,0,400,1.0
margin_vs_margin_baseline,1.189207115002721,1109,insert,400,0,400,1.0
margin_vs_margin_baseline,1.189207115002721,1110,insert,400,0,400,1.0
margin_vs_margin_baseline,1.189207115002721,1111,insert,400,0,400,1.0
margin_vs_margin_baseline,1.0905077326652577,1112,insert,400,0,400,1.0
margin_vs_margin_baseline,1.0905077326652577,1113,insert,400,0,400,1.0
margin_vs_margin_baseline,1.0905077326652577,1114,insert,400,0,400,1.0
margin_vs_margin_baseline,1.0905077326652577,1115,insert,400,0,400,1.0
margin_vs_margin_baseline,1.0442737824274138,1116,insert,400,0,400,1.0
margin_vs_margin_baseline,1.0442737824274138,1117,insert,400,0,400,1.0
margin_vs_margin_baseline,1.0442737824274138,1118,insert,400,0,400,1.0
margin_vs_margin_baseline,1.0442737824274138,1119,insert,400,0,400,1.0
margin_vs_margin_baseline,1.0218971486541166,1120,insert,400,0,400,1.0
margin_vs_margin_baseline,1.0218971486541166,1121,insert,400,0,400,1.0
margin_vs_margin_baseline,1.0218971486541166,1122,insert,400,0,400,1.0
margin_vs_margin_baseline,1.0218971486541166,1123,insert,400,0,400,1.0
margin_vs_margin_baseline,1.0108892860517005,1124,insert,400,0,400,1.0
margin_vs_margin_baseline,1.0108892860517005,1125,insert,400,0,400,1.0
margin_vs_margin_baseline,1.0108892860517005,1126,insert,400,0,400,1.0
margin_vs_margin_baseline,1.0108892860517005,1127,insert,400,0,400,1.0
margin_vs_margin_baseline,1.0054299011128027,1128,insert,400,0,400,1.0
margin_vs_margin_baseline,1.0054299011128027,1129,insert,400,0,400,1.0
margin_vs_margin_baseline,1.0054299011128027,1130,insert,400,0,400,1.0
margin_vs_margin_baseline,1.0054299011128027,1131,insert,400,0,400,1.0
margin_vs_margin_baseline,1.0027112750502023,1132,insert,400,0,400,1.0
margin_vs_margin_baseline,1.0027112750502023,1133,insert,400,0,400,1.0
margin_vs_margin_baseline,1.0027112750502023,1134,insert,400,0,400,1.0
margin_vs_margin_baseline,1.0027112750502023,1135,insert,400,0,400,1.0
margin_vs_margin_baseline,1.0013547198921082,1136,insert,400,0,400,1.0
margin_vs_margin_baseline,1.0013547198921082,1137,insert,400,187,213,0.5325
margin_vs_margin_baseline,1.0013547198921082,1138,insert,400,0,400,1.0
margin_vs_margin_baseline,1.0013547198921082,1139,insert,400,138,262,0.655
margin_vs_margin_baseline,1.0013547198921082,1140,tighten,400,0,400,1.0
margin_vs_margin_baseline,1.0013547198921082,1141,tighten,400,0,400,1.0
margin_vs_margin_baseline,1.0013547198921082,1142,tighten,400,0,400,1.0
margin_vs_margin_baseline,1.0013547198921082,1143,tighten,400,0,400,1.0
margin_vs_margin_baseline,1.0013547198921082,1144,tighten,400,262,138,0.345
margin_vs_margin_baseline,1.0013547198921082,1145,tighten,400,358,42,0.105
margin_vs_margin_baseline,1.0013547198921082,1146,tighten,400,400,0,0.0
margin_vs_margin_baseline,1.0013547198921082,1147,tighten,400,20,380,0.95
margin_vs_margin_baseline,1.0013547198921082,1148,tighten,400,0,400,1.0
margin_vs_margin_baseline,1.0013547198921082,1149,tighten,400,0,400,1.0
margin_vs_margin_baseline,1.0013547198921082,1150,tighten,400,0,400,1.0
margin_vs_margin_baseline,1.0013547198921082,1151,tighten,400,0,400,1.0
margin_vs_margin_baseline,0.99691037568692,1152,tighten,400,400,0,0.0
margin_vs_margin_baseline,0.99691037568692,1153,tighten,400,400,0,0.0
margin_vs_margin_baseline,0.99691037568692,1154,tighten,400,400,0,0.0
margin_vs_margin_baseline,0.99691037568692,1155,tighten,400,125,275,0.6875
margin_vs_margin_baseline,1.0013547198921082,1156,tighten,400,2,398,0.995
margin_vs_margin_baseline,1.0013547198921082,1157,tighten,400,0,400,1.0
margin_vs_margin_baseline,1.0013547198921082,1158,tighten,400,0,400,1.0
margin_vs_margin_baseline,1.0013547198921082,1159,tighten,400,0,400,1.0
margin_vs_margin_baseline,1.0013547198921082,1160,tighten,400,214,186,0.465
margin_vs_margin_baseline,1.0013547198921082,1161,tighten,400,0,400,1.0
margin_vs_margin_baseline,1.0013547198921082,1162,tighten,400,0,400,1.0
margin_vs_margin_baseline,1.0013547198921082,1163,tighten,400,0,400,1.0
margin_vs_margin_baseline,1.0013547198921082,1164,tighten,400,0,400,1.0
margin_vs_margin_baseline,1.0013547198921082,1165,tighten,400,0,400,1.0
margin_vs_margin_baseline,1.0013547198921082,1166,tighten,400,272,128,0.32
margin_vs_margin_baseline,1.0013547198921082,1167,tighten,400,328,72,0.18
margin_vs_margin_baseline,0.99691037568692,1168,tighten,400,400,0,0.0
margin_vs_margin_baseline,0.99691037568692,1169,tighten,400,400,0,0.0
margin_vs_margin_baseline,0.99691037568692,1170,tighten,400,227,173,0.4325
margin_vs_margin_baseline,0.99691037568692,1171,tighten,400,400,0,0.0
margin_vs_margin_baseline,0.99691037568692,1172,tighten,400,400,0,0.0
margin_vs_margin_baseline,0.99691037568692,1173,tighten,400,129,271,0.6775
margin_vs_margin_baseline,0.99691037568692,1174,tighten,400,400,0,0.0
margin_vs_margin_baseline,0.99691037568692,1175,tighten,400,206,194,0.485
margin_vs_margin_baseline,1.0013547198921082,1176,tighten,400,85,315,0.7875
margin_vs_margin_baseline,1.0013547198921082,1177,tighten,400,400,0,0.0
margin_vs_margin_baseline,1.0013547198921082,1178,tighten,400,246,154,0.385
margin_vs_margin_baseline,1.0013547198921082,1179,tighten,400,400,0,0.0
margin_vs_margin_baseline,1.0013547198921082,1180,refine_extra,400,0,400,1.0
margin_vs_margin_baseline,1.0013547198921082,1181,refine_extra,400,370,30,0.075
margin_vs_margin_baseline,1.0013547198921082,1182,refine_extra,400,0,400,1.0
margin_vs_margin_baseline,1.0013547198921082,1183,refine_extra,400,0,400,1.0
margin_vs_margin_baseline,0.99691037568692,1184,refine_extra,400,205,195,0.4875
margin_vs_margin_baseline,0.99691037568692,1185,refine_extra,400,400,0,0.0
margin_vs_margin_baseline,0.99691037568692,1186,refine_extra,400,400,0,0.0
margin_vs_margin_baseline,0.99691037568692,1187,refine_extra,400,209,191,0.4775
margin_vs_margin_baseline,1.0013547198921082,1188,refine_extra,400,0,400,1.0
margin_vs_margin_baseline,1.0013547198921082,1189,refine_extra,400,199,201,0.5025
margin_vs_margin_baseline,1.0013547198921082,1190,refine_extra,400,0,400,1.0
margin_vs_margin_baseline,1.0013547198921082,1191,refine_extra,400,0,400,1.0
margin_vs_margin_baseline,0.99691037568692,1192,refine_extra,400,400,0,0.0
margin_vs_margin_baseline,0.99691037568692,1193,refine_extra,400,400,0,0.0
margin_vs_margin_baseline,0.99691037568692,1194,refine_extra,400,400,0,0.0
margin_vs_margin_baseline,0.99691037568692,1195,refine_extra,400,400,0,0.0
margin_vs_margin_baseline,1.0013547198921082,1196,refine_extra,400,288,112,0.28
margin_vs_margin_baseline,1.0013547198921082,1197,refine_extra,400,400,0,0.0
margin_vs_margin_baseline,1.0013547198921082,1198,refine_extra,400,350,50,0.125
margin_vs_margin_baseline,1.0013547198921082,1199,refine_extra,400,297,103,0.2575
margin_vs_margin_baseline,1.0013547198921082,1200,refine_extra,400,0,400,1.0
margin_vs_margin_baseline,1.0013547198921082,1201,refine_extra,400,0,400,1.0
margin_vs_margin_baseline,1.0013547198921082,1202,refine_extra,400,210,190,0.475
margin_vs_margin_baseline,1.0013547198921082,1203,refine_extra,400,81,319,0.7975
margin_vs_margin_baseline,1.0013547198921082,1204,refine_extra,400,3,397,0.9925
margin_vs_margin_baseline,1.0013547198921082,1205,refine_extra,400,0,400,1.0
margin_vs_margin_baseline,1.0013547198921082,1206,refine_extra,400,0,400,1.0
margin_vs_margin_baseline,1.0013547198921082,1207,refine_extra,400,211,189,0.4725
margin_vs_margin_baseline,0.99691037568692,1208,refine_extra,400,400,0,0.0
margin_vs_margin_baseline,0.99691037568692,1209,refine_extra,400,101,299,0.7475
margin_vs_margin_baseline,0.99691037568692,1210,refine_extra,400,400,0,0.0
margin_vs_margin_baseline,0.99691037568692,1211,refine_extra,400,400,0,0.0
margin_vs_margin_baseline,1.0013547198921082,1212,refine_extra,400,0,400,1.0
margin_vs_margin_baseline,1.0013547198921082,1213,refine_extra,400,32,368,0.92
margin_vs_margin_baseline,1.0013547198921082,1214,refine_extra,400,251,149,0.3725
margin_vs_margin_baseline,1.0013547198921082,1215,refine_extra,400,353,47,0.1175
margin_vs_margin_baseline,0.99691037568692,1216,refine_extra,400,400,0,0.0
margin_vs_margin_baseline,0.99691037568692,1217,refine_extra,400,400,0,0.0
margin_vs_margin_baseline,0.99691037568692,1218,refine_extra,400,400,0,0.0
margin_vs_margin_baseline,0.99691037568692,1219,refine_extra,400,317,83,0.2075
margin_vs_margin_baseline,1.0013547198921082,1220,refine_extra,400,0,400,1.0
margin_vs_margin_baseline,1.0013547198921082,1221,refine_extra,400,35,365,0.9125
margin_vs_margin_baseline,1.0013547198921082,1222,refine_extra,400,0,400,1.0
margin_vs_margin_baseline,1.0013547198921082,1223,refine_extra,400,10,390,0.975
margin_vs_margin_baseline,1.0013547198921082,1224,refine_extra,400,294,106,0.265
margin_vs_margin_baseline,1.0013547198921082,1225,refine_extra,400,12,388,0.97
margin_vs_margin_baseline,1.0013547198921082,1226,refine_extra,400,0,400,1.0
margin_vs_margin_baseline,1.0013547198921082,1227,refine_extra,400,0,400,1.0
margin_vs_margin_baseline,0.99691037568692,1228,refine_extra,400,400,0,0.0
margin_vs_margin_baseline,0.99691037568692,1229,refine_extra,400,400,0,0.0
margin_vs_margin_baseline,0.99691037568692,1230,refine_extra,400,400,0,0.0
margin_vs_margin_baseline,0.99691037568692,1231,refine_extra,400,400,0,0.0
margin_vs_margin_baseline,1.0013547198921082,1232,refine_extra,400,310,90,0.225
margin_vs_margin_baseline,1.0013547198921082,1233,refine_extra,400,0,400,1.0
margin_vs_margin_baseline,1.0013547198921082,1234,refine_extra,400,0,400,1.0
margin_vs_margin_baseline,1.0013547198921082,1235,refine_extra,400,0,400,1.0
margin_vs_margin_baseline,1.0013547198921082,1236,refine_extra,400,121,279,0.6975
margin_vs_margin_baseline,1.0013547198921082,1237,refine_extra,400,333,67,0.1675
margin_vs_margin_baseline,1.0013547198921082,1238,refine_extra,400,40,360,0.9
margin_vs_margin_baseline,1.0013547198921082,1239,refine_extra,400,104,296,0.74
margin_vs_margin_baseline,0.99691037568692,1240,refine_extra,400,400,0,0.0
margin_vs_margin_baseline,0.99691037568692,1241,refine_extra,400,400,0,0.0
margin_vs_margin_baseline,0.99691037568692,1242,refine_extra,400,400,0,0.0
margin_vs_margin_baseline,0.99691037568692,1243,refine_extra,400,400,0,0.0
margin_vs_margin_baseline,0.998453992774289,1244,insert,400,312,88,0.22
margin_vs_margin_baseline,0.998453992774289,1245,insert,400,314,86,0.215
margin_vs_margin_baseline,0.998453992774289,1246,insert,400,400,0,0.0
margin_vs_margin_baseline,0.998453992774289,1247,insert,400,155,245,0.6125
margin_vs_margin_baseline,1.002032767907594,1248,insert,400,0,400,1.0
margin_vs_margin_baseline,1.002032767907594,1249,insert,400,0,400,1.0
margin_vs_margin_baseline,1.002032767907594,1250,insert,400,0,400,1.0
margin_vs_margin_baseline,1.002032767907594,1251,insert,400,0,400,1.0
margin_vs_margin_baseline,1.0016936865283832,1252,insert,400,377,23,0.0575
margin_vs_margin_baseline,1.0016936865283832,1253,insert,400,114,286,0.715
margin_vs_margin_baseline,1.0016936865283832,1254,insert,400,0,400,1.0
margin_vs_margin_baseline,1.0016936865283832,1255,insert,400,0,400,1.0
margin_vs_margin_baseline,1.0016936865283832,1256,tighten,400,0,400,1.0
margin_vs_margin_baseline,1.0016936865283832,1257,tighten,400,216,184,0.46
margin_vs_margin_baseline,1.0016936865283832,1258,tighten,400,182,218,0.545
margin_vs_margin_baseline,1.0016936865283832,1259,tighten,400,147,253,0.6325
margin_vs_margin_baseline,0.998453992774289,1260,tighten,400,400,0,0.0
margin_vs_margin_baseline,0.998453992774289,1261,tighten,400,400,0,0.0
margin_vs_margin_baseline,0.998453992774289,1262,tighten,400,400,0,0.0
margin_vs_margin_baseline,0.998453992774289,1263,tighten,400,398,2,0.005
margin_vs_margin_baseline,0.9992266973886802,1264,insert,400,0,400,1.0
margin_vs_margin_baseline,0.9992266973886802,1265,insert,400,400,0,0.0
margin_vs_margin_baseline,0.9992266973886802,1266,insert,400,389,11,0.0275
margin_vs_margin_baseline,0.9992266973886802,1267,insert,400,400,0,0.0
margin_vs_margin_baseline,0.9992266973886802,1268,tighten,400,0,400,1.0
margin_vs_margin_baseline,0.9992266973886802,1269,tighten,400,0,400,1.0
margin_vs_margin_baseline,0.9992266973886802,1270,tighten,400,348,52,0.13
margin_vs_margin_baseline,0.9992266973886802,1271,tighten,400,0,400,1.0
margin_vs_margin_baseline,0.9992266973886802,1272,tighten,400,386,14,0.035
margin_vs_margin_baseline,0.9992266973886802,1273,tighten,400,26,374,0.935
margin_vs_margin_baseline,0.9992266973886802,1274,tighten,400,80,320,0.8
margin_vs_margin_baseline,0.9992266973886802,1275,tighten,400,400,0,0.0
margin_vs_margin_baseline,1.0006771306930664,1276,insert,400,0,400,1.0
margin_vs_margin_baseline,1.0006771306930664,1277,insert,400,355,45,0.1125
margin_vs_margin_baseline,1.0006771306930664,1278,insert,400,163,237,0.5925
margin_vs_margin_baseline,1.0006771306930664,1279,insert,400,115,285,0.7125
margin_vs_margin_baseline,1.0006771306930664,1280,tighten,400,0,400,1.0
margin_vs_margin_baseline,1.0006771306930664,1281,tighten,400,21,379,0.9475
margin_vs_margin_baseline,1.0006771306930664,1282,tighten,400,0,400,1.0
margin_vs_margin_baseline,1.0006771306930664,1283,tighten,400,174,226,0.565
margin_vs_margin_baseline,1.0018632128726943,1284,insert,400,5,395,0.9875
margin_vs_margin_baseline,1.0018632128726943,1285,insert,400,0,400,1.0
margin_vs_margin_baseline,1.0018632128726943,1286,insert,400,308,92,0.23
margin_vs_margin_baseline,1.0018632128726943,1287,insert,400,290,110,0.275
margin_vs_margin_baseline,1.0018632128726943,1288,tighten,400,0,400,1.0
margin_vs_margin_baseline,1.0018632128726943,1289,tighten,400,0,400,1.0
margin_vs_margin_baseline,1.0018632128726943,1290,tighten,400,0,400,1.0
margin_vs_margin_baseline,1.0018632128726943,1291,tighten,400,0,400,1.0
margin_vs_margin_baseline,1.0016936865283832,1292,tighten,400,0,400,1.0
margin_vs_margin_baseline,1.0016936865283832,1293,tighten,400,340,60,0.15
margin_vs_margin_baseline,1.0016936865283832,1294,tighten,400,0,400,1.0
margin_vs_margin_baseline,1.0016936865283832,1295,tighten,400,0,400,1.0
margin_vs_margin_baseline,1.0006771306930664,1296,tighten,400,4,396,0.99
margin_vs_margin_baseline,1.0006771306930664,1297,tighten,400,0,400,1.0
margin_vs_margin_baseline,1.0006771306930664,1298,tighten,400,400,0,0.0
margin_vs_margin_baseline,1.0006771306930664,1299,tighten,400,3,397,0.9925
margin_vs_margin_baseline,1.0018632128726943,1300,tighten,400,0,400,1.0
margin_vs_margin_baseline,1.0018632128726943,1301,tighten,400,0,400,1.0
margin_vs_margin_baseline,1.0018632128726943,1302,tighten,400,0,400,1.0
margin_vs_margin_baseline,1.0018632128726943,1303,tighten,400,0,400,1.0
margin_vs_margin_baseline,0.9992266973886802,1304,tighten,400,27,373,0.9325
margin_vs_margin_baseline,0.9992266973886802,1305,tighten,400,0,400,1.0
margin_vs_margin_baseline,0.9992266973886802,1306,tighten,400,400,0,0.0
margin_vs_margin_baseline,0.9992266973886802,1307,tighten,400,0,400,1.0
margin_vs_margin_baseline,0.9953691450427218,1308,insert,400,400,0,0.0
margin_vs_margin_baseline,0.9953691450427218,1309,insert,400,400,0,0.0
margin_vs_margin_baseline,0.9953691450427218,1310,insert,400,400,0,0.0
margin_vs_margin_baseline,0.9953691450427218,1311,insert,400,400,0,0.0
margin_vs_margin_baseline,0.9961394622901496,1312,insert,400,400,0,0.0
margin_vs_margin_baseline,0.9961394622901496,1313,insert,400,400,0,0.0
margin_vs_margin_baseline,0.9961394622901496,1314,insert,400,400,0,0.0
margin_vs_margin_baseline,0.9961394622901496,1315,insert,400,400,0,0.0
margin_vs_margin_baseline,0.9965248444410402,1316,insert,400,400,0,0.0
margin_vs_margin_baseline,0.9965248444410402,1317,insert,400,400,0,0.0
margin_vs_margin_baseline,0.9965248444410402,1318,insert,400,400,0,0.0
margin_vs_margin_baseline,0.9965248444410402,1319,insert,400,214,186,0.465
margin_vs_margin_baseline,0.9965248444410402,1320,tighten,400,400,0,0.0
margin_vs_margin_baseline,0.9965248444410402,1321,tighten,400,400,0,0.0
margin_vs_margin_baseline,0.9965248444410402,1322,tighten,400,400,0,0.0
margin_vs_margin_baseline,0.9965248444410402,1323,tighten,400,400,0,0.0
margin_vs_margin_baseline,1.0006771306930664,1324,tighten,400,400,0,0.0
margin_vs_margin_baseline,1.0006771306930664,1325,tighten,400,0,400,1.0
margin_vs_margin_baseline,1.0006771306930664,1326,tighten,400,49,351,0.8775
margin_vs_margin_baseline,1.0006771306930664,1327,tighten,400,145,255,0.6375
margin_vs_margin_baseline,1.0016936865283832,1328,tighten,400,0,400,1.0
margin_vs_margin_baseline,1.0016936865283832,1329,tighten,400,0,400,1.0
margin_vs_margin_baseline,1.0016936865283832,1330,tighten,400,0,400,1.0
margin_vs_margin_baseline,1.0016936865283832,1331,tighten,400,0,400,1.0
margin_vs_margin_baseline,0.998453992774289,1332,tighten,400,383,17,0.0425
margin_vs_margin_baseline,0.998453992774289,1333,tighten,400,400,0,0.0
margin_vs_margin_baseline,0.998453992774289,1334,tighten,400,400,0,0.0
margin_vs_margin_baseline,0.998453992774289,1335,tighten,400,212,188,0.47
margin_vs_margin_baseline,0.9988402703607788,1336,insert,400,390,10,0.025
margin_vs_margin_baseline,0.9988402703607788,1337,insert,400,400,0,0.0
margin_vs_margin_baseline,0.9988402703607788,1338,insert,400,400,0,0.0
margin_vs_margin_baseline,0.9988402703607788,1339,insert,400,206,194,0.485
margin_vs_margin_baseline,0.9988402703607788,1340,tighten,400,0,400,1.0
margin_vs_margin_baseline,0.9988402703607788,1341,tighten,400,400,0,0.0
margin_vs_margin_baseline,0.9988402703607788,1342,tighten,400,400,0,0.0
margin_vs_margin_baseline,0.9988402703607788,1343,tighten,400,394,6,0.015
margin_vs_margin_baseline,0.9988402703607788,1344,tighten,400,399,1,0.0025
margin_vs_margin_baseline,0.9988402703607788,1345,tighten,400,400,0,0.0
margin_vs_margin_baseline,0.9988402703607788,1346,tighten,400,324,76,0.19
margin_vs_margin_baseline,0.9988402703607788,1347,tighten,400,400,0,0.0
margin_vs_margin_baseline,0.9992266973886802,1348,tighten,400,79,321,0.8025
margin_vs_margin_baseline,0.9992266973886802,1349,tighten,400,135,265,0.6625
margin_vs_margin_baseline,0.9992266973886802,1350,tighten,400,369,31,0.0775
margin_vs_margin_baseline,0.9992266973886802,1351,tighten,400,400,0,0.0
margin_vs_margin_baseline,0.9988402703607788,1352,tighten,400,400,0,0.0
margin_vs_margin_baseline,0.9988402703607788,1353,tighten,400,400,0,0.0
margin_vs_margin_baseline,0.9988402703607788,1354,tighten,400,0,400,1.0
margin_vs_margin_baseline,0.9988402703607788,1355,tighten,400,188,212,0.53
margin_vs_margin_baseline,1.0018632128726943,1356,tighten,400,0,400,1.0
margin_vs_margin_baseline,1.0018632128726943,1357,tighten,400,0,400,1.0
margin_vs_margin_baseline,1.0018632128726943,1358,tighten,400,0,400,1.0
margin_vs_margin_baseline,1.0018632128726943,1359,tighten,400,8,392,0.98
margin_vs_margin_baseline,1.0006771306930664,1360,tighten,400,294,106,0.265
margin_vs_margin_baseline,1.0006771306930664,1361,tighten,400,342,58,0.145
margin_vs_margin_baseline,1.0006771306930664,1362,tighten,400,302,98,0.245
margin_vs_margin_baseline,1.0006771306930664,1363,tighten,400,23,377,0.9425
margin_vs_margin_baseline,0.9988402703607788,1364,tighten,400,295,105,0.2625
margin_vs_margin_baseline,0.9988402703607788,1365,tighten,400,400,0,0.0
margin_vs_margin_baseline,0.9988402703607788,1366,tighten,400,400,0,0.0
margin_vs_margin_baseline,0.9988402703607788,1367,tighten,400,294,106,0.265
margin_vs_margin_baseline,0.9992266973886802,1368,tighten,400,179,221,0.5525
margin_vs_margin_baseline,0.9992266973886802,1369,tighten,400,0,400,1.0
margin_vs_margin_baseline,0.9992266973886802,1370,tighten,400,400,0,0.0
margin_vs_margin_baseline,0.9992266973886802,1371,tighten,400,400,0,0.0
margin_vs_margin_baseline,1.0016936865283832,1372,tighten,400,24,376,0.94
margin_vs_margin_baseline,1.0016936865283832,1373,tighten,400,207,193,0.4825
margin_vs_margin_baseline,1.0016936865283832,1374,tighten,400,0,400,1.0
margin_vs_margin_baseline,1.0016936865283832,1375,tighten,400,1,399,0.9975
margin_vs_margin_baseline,0.998453992774289,1376,tighten,400,305,95,0.2375
margin_vs_margin_baseline,0.998453992774289,1377,tighten,400,289,111,0.2775
margin_vs_margin_baseline,0.998453992774289,1378,tighten,400,197,203,0.5075
margin_vs_margin_baseline,0.998453992774289,1379,tighten,400,200,200,0.5
margin_vs_margin_baseline,0.9965248444410402,1380,tighten,400,319,81,0.2025
margin_vs_margin_baseline,0.9965248444410402,1381,tighten,400,400,0,0.0
margin_vs_margin_baseline,0.9965248444410402,1382,tighten,400,400,0,0.0
margin_vs_margin_baseline,0.9965248444410402,1383,tighten,400,400,0,0.0
margin_vs_margin_baseline,1.0006771306930664,1384,tighten,400,0,400,1.0
margin_vs_margin_baseline,1.0006771306930664,1385,tighten,400,302,98,0.245
margin_vs_margin_baseline,1.0006771306930664,1386,tighten,400,7,393,0.9825
margin_vs_margin_baseline,1.0006771306930664,1387,tighten,400,315,85,0.2125
margin_vs_margin_baseline,0.9992266973886802,1388,tighten,400,66,334,0.835
margin_vs_margin_baseline,0.9992266973886802,1389,tighten,400,0,400,1.0
margin_vs_margin_baseline,0.9992266973886802,1390,tighten,400,400,0,0.0
margin_vs_margin_baseline,0.9992266973886802,1391,tighten,400,400,0,0.0
margin_vs_margin_baseline,0.9988402703607788,1392,tighten,400,362,38,0.095
margin_vs_margin_baseline,0.9988402703607788,1393,tighten,400,0,400,1.0
margin_vs_margin_baseline,0.9988402703607788,1394,tighten,400,307,93,0.2325
margin_vs_margin_baseline,0.9988402703607788,1395,tighten,400,400,0,0.0
margin_vs_margin_baseline,1.0016936865283832,1396,tighten,400,0,400,1.0
margin_vs_margin_baseline,1.0016936865283832,1397,tighten,400,0,400,1.0
margin_vs_margin_baseline,1.0016936865283832,1398,tighten,400,0,400,1.0
margin_vs_margin_baseline,1.0016936865283832,1399,tighten,400,0,400,1.0
margin_vs_margin_baseline,1.0018632128726943,1400,tighten,400,0,400,1.0
margin_vs_margin_baseline,1.0018632128726943,1401,tighten,400,0,400,1.0
margin_vs_margin_baseline,1.0018632128726943,1402,tighten,400,0,400,1.0
margin_vs_margin_baseline,1.0018632128726943,1403,tighten,400,0,400,1.0
margin_vs_margin_baseline,0.998453992774289,1404,tighten,400,0,400,1.0
margin_vs_margin_baseline,0.998453992774289,1405,tighten,400,400,0,0.0
margin_vs_margin_baseline,0.998453992774289,1406,tighten,400,400,0,0.0
margin_vs_margin_baseline,0.998453992774289,1407,tighten,400,0,400,1.0
margin_vs_margin_baseline,0.998453992774289,1408,tighten,400,66,334,0.835
margin_vs_margin_baseline,0.998453992774289,1409,tighten,400,281,119,0.2975
margin_vs_margin_baseline,0.998453992774289,1410,tighten,400,400,0,0.0
margin_vs_margin_baseline,0.998453992774289,1411,tighten,400,400,0,0.0
margin_vs_margin_baseline,1.0006771306930664,1412,tighten,400,396,4,0.01
margin_vs_margin_baseline,1.0006771306930664,1413,tighten,400,192,208,0.52
margin_vs_margin_baseline,1.0006771306930664,1414,tighten,400,400,0,0.0
margin_vs_margin_baseline,1.0006771306930664,1415,tighten,400,5,395,0.9875
margin_vs_margin_baseline,0.9992266973886802,1416,tighten,400,400,0,0.0
margin_vs_margin_baseline,0.9992266973886802,1417,tighten,400,196,204,0.51
margin_vs_margin_baseline,0.9992266973886802,1418,tighten,400,327,73,0.1825
margin_vs_margin_baseline,0.9992266973886802,1419,tighten,400,389,11,0.0275
margin_vs_margin_baseline,0.9988402703607788,1420,tighten,400,400,0,0.0
margin_vs_margin_baseline,0.9988402703607788,1421,tighten,400,196,204,0.51
margin_vs_margin_baseline,0.9988402703607788,1422,tighten,400,400,0,0.0
margin_vs_margin_baseline,0.9988402703607788,1423,tighten,400,400,0,0.0
margin_vs_margin_baseline,0.998453992774289,1424,tighten,400,199,201,0.5025
margin_vs_margin_baseline,0.998453992774289,1425,tighten,400,400,0,0.0
margin_vs_margin_baseline,0.998453992774289,1426,tighten,400,98,302,0.755
margin_vs_margin_baseline,0.998453992774289,1427,tighten,400,400,0,0.0
margin_vs_margin_baseline,1.0006771306930664,1428,tighten,400,0,400,1.0
margin_vs_margin_baseline,1.0006771306930664,1429,tighten,400,61,339,0.8475
margin_vs_margin_baseline,1.0006771306930664,1430,tighten,400,0,400,1.0
margin_vs_margin_baseline,1.0006771306930664,1431,tighten,400,12,388,0.97
margin_vs_margin_baseline,0.9965248444410402,1432,tighten,400,114,286,0.715
margin_vs_margin_baseline,0.9965248444410402,1433,tighten,400,400,0,0.0
margin_vs_margin_baseline,0.9965248444410402,1434,tighten,400,199,201,0.5025
margin_vs_margin_baseline,0.9965248444410402,1435,tighten,400,400,0,0.0
margin_vs_margin_baseline,0.9965248444410402,1436,tighten,400,355,45,0.1125
margin_vs_margin_baseline,0.9965248444410402,1437,tighten,400,400,0,0.0
margin_vs_margin_baseline,0.9965248444410402,1438,tighten,400,400,0,0.0
margin_vs_margin_baseline,0.9965248444410402,1439,tighten,400,400,0,0.0
margin_vs_margin_baseline,1.0016936865283832,1440,tighten,400,208,192,0.48
margin_vs_margin_baseline,1.0016936865283832,1441,tighten,400,0,400,1.0
margin_vs_margin_baseline,1.0016936865283832,1442,tighten,400,0,400,1.0
margin_vs_margin_baseline,1.0016936865283832,1443,tighten,400,100,300,0.75
margin_vs_margin_baseline,0.9965248444410402,1444,tighten,400,400,0,0.0
margin_vs_margin_baseline,0.9965248444410402,1445,tighten,400,400,0,0.0
margin_vs_margin_baseline,0.9965248444410402,1446,tighten,400,400,0,0.0
margin_vs_margin_baseline,0.9965248444410402,1447,tighten,400,400,0,0.0
margin_vs_margin_baseline,0.998453992774289,1448,tighten,400,400,0,0.0
margin_vs_margin_baseline,0.998453992774289,1449,tighten,400,337,63,0.1575
margin_vs_margin_baseline,0.998453992774289,1450,tighten,400,400,0,0.0
margin_vs_margin_baseline,0.998453992774289,1451,tighten,400,321,79,0.1975
margin_vs_margin_baseline,0.9988402703607788,1452,tighten,400,400,0,0.0
margin_vs_margin_baseline,0.9988402703607788,1453,tighten,400,266,134,0.335
margin_vs_margin_baseline,0.9988402703607788,1454,tighten,400,366,34,0.085
margin_vs_margin_baseline,0.9988402703607788,1455,tighten,400,400,0,0.0
margin_vs_margin_baseline,1.0018632128726943,1456,tighten,400,1,399,0.9975
margin_vs_margin_baseline,1.0018632128726943,1457,tighten,400,400,0,0.0
margin_vs_margin_baseline,1.0018632128726943,1458,tighten,400,0,400,1.0
margin_vs_margin_baseline,1.0018632128726943,1459,tighten,400,282,118,0.295
margin_vs_margin_baseline,1.0018632128726943,1460,tighten,400,0,400,1.0
margin_vs_margin_baseline,1.0018632128726943,1461,tighten,400,0,400,1.0
margin_vs_margin_baseline,1.0018632128726943,1462,tighten,400,0,400,1.0
margin_vs_margin_baseline,1.0018632128726943,1463,tighten,400,69,331,0.8275
margin_vs_margin_baseline,1.0018632128726943,1464,tighten,400,0,400,1.0
margin_vs_margin_baseline,1.0018632128726943,1465,tighten,400,0,400,1.0
margin_vs_margin_baseline,1.0018632128726943,1466,tighten,400,51,349,0.8725
margin_vs_margin_baseline,1.0018632128726943,1467,tighten,400,0,400,1.0
margin_vs_margin_baseline,1.001947986803517,1468,insert,400,0,400,1.0
margin_vs_margin_baseline,1.001947986803517,1469,insert,400,0,400,1.0
margin_vs_margin_baseline,1.001947986803517,1470,insert,400,0,400,1.0
margin_vs_margin_baseline,1.001947986803517,1471,insert,400,0,400,1.0
margin_vs_margin_baseline,1.001905598941487,1472,insert,400,0,400,1.0
margin_vs_margin_baseline,1.001905598941487,1473,insert,400,400,0,0.0
margin_vs_margin_baseline,1.001905598941487,1474,insert,400,194,206,0.515
margin_vs_margin_baseline,1.001905598941487,1475,insert,400,0,400,1.0
margin_vs_margin_baseline,1.001905598941487,1476,tighten,400,0,400,1.0
margin_vs_margin_baseline,1.001905598941487,1477,tighten,400,38,362,0.905
margin_vs_margin_baseline,1.001905598941487,1478,tighten,400,0,400,1.0
margin_vs_margin_baseline,1.001905598941487,1479,tighten,400,0,400,1.0
margin_vs_margin_baseline,1.001905598941487,1480,tighten,400,317,83,0.2075
margin_vs_margin_baseline,1.001905598941487,1481,tighten,400,0,400,1.0
margin_vs_margin_baseline,1.001905598941487,1482,tighten,400,30,370,0.925
margin_vs_margin_baseline,1.001905598941487,1483,tighten,400,400,0,0.0
margin_vs_margin_baseline,1.001905598941487,1484,tighten,400,0,400,1.0
margin_vs_margin_baseline,1.001905598941487,1485,tighten,400,0,400,1.0
margin_vs_margin_baseline,1.001905598941487,1486,tighten,400,2,398,0.995
margin_vs_margin_baseline,1.001905598941487,1487,tighten,400,0,400,1.0
margin_vs_margin_baseline,1.001905598941487,1488,tighten,400,0,400,1.0
margin_vs_margin_baseline,1.001905598941487,1489,tighten,400,354,46,0.115
margin_vs_margin_baseline,1.001905598941487,1490,tighten,400,400,0,0.0
margin_vs_margin_baseline,1.001905598941487,1491,tighten,400,388,12,0.03
margin_vs_margin_baseline,1.0019267926483426,1492,insert,400,0,400,1.0
margin_vs_margin_baseline,1.0019267926483426,1493,insert,400,0,400,1.0
margin_vs_margin_baseline,1.0019267926483426,1494,insert,400,0,400,1.0
margin_vs_margin_baseline,1.0019267926483426,1495,insert,400,0,400,1.0
margin_vs_margin_baseline,1.0019161957388756,1496,insert,400,0,400,1.0
margin_vs_margin_baseline,1.0019161957388756,1497,insert,400,0,400,1.0
margin_vs_margin_baseline,1.0019161957388756,1498,insert,400,0,400,1.0
margin_vs_margin_baseline,1.0019161957388756,1499,insert,400,400,0,0.0
margin_vs_margin_baseline,1.0019161957388756,1500,tighten,400,0,400,1.0
margin_vs_margin_baseline,1.0019161957388756,1501,tighten,400,0,400,1.0
margin_vs_margin_baseline,1.0019161957388756,1502,tighten,400,0,400,1.0
margin_vs_margin_baseline,1.0019161957388756,1503,tighten,400,0,400,1.0
margin_vs_margin_baseline,1.0019161957388756,1504,tighten,400,0,400,1.0
margin_vs_margin_baseline,1.0019161957388756,1505,tighten,400,398,2,0.005
margin_vs_margin_baseline,1.0019161957388756,1506,tighten,400,0,400,1.0
margin_vs_margin_baseline,1.0019161957388756,1507,tighten,400,0,400,1.0
margin_vs_margin_baseline,1.0019161957388756,1508,tighten,400,0,400,1.0
margin_vs_margin_baseline,1.0019161957388756,1509,tighten,400,399,1,0.0025
margin_vs_margin_baseline,1.0019161957388756,1510,tighten,400,0,400,1.0
margin_vs_margin_baseline,1.0019161957388756,1511,tighten,400,0,400,1.0
margin_vs_margin_baseline,1.0019161957388756,1512,tighten,400,0,400,1.0
margin_vs_margin_baseline,1.0019161957388756,1513,tighten,400,258,142,0.355
margin_vs_margin_baseline,1.0019161957388756,1514,tighten,400,337,63,0.1575
margin_vs_margin_baseline,1.0019161957388756,1515,tighten,400,10,390,0.975
margin_vs_margin_baseline,1.0019214941795993,1516,insert,400,0,400,1.0
margin_vs_margin_baseline,1.0019214941795993,1517,insert,400,2,398,0.995
margin_vs_margin_baseline,1.0019214941795993,1518,insert,400,340,60,0.15
margin_vs_margin_baseline,1.0019214941795993,1519,insert,400,0,400,1.0
margin_vs_margin_baseline,1.0019214941795993,1520,tighten,400,0,400,1.0
margin_vs_margin_baseline,1.0019214941795993,1521,tighten,400,0,400,1.0
margin_vs_margin_baseline,1.0019214941795993,1522,tighten,400,0,400,1.0
margin_vs_margin_baseline,1.0019214941795993,1523,tighten,400,0,400,1.0
margin_vs_margin_baseline,1.0019214941795993,1524,tighten,400,0,400,1.0
margin_vs_margin_baseline,1.0019214941795993,1525,tighten,400,0,400,1.0
margin_vs_margin_baseline,1.0019214941795993,1526,tighten,400,0,400,1.0
margin_vs_margin_baseline,1.0019214941795993,1527,tighten,400,26,374,0.935
margin_vs_margin_baseline,1.001905598941487,1528,tighten,400,0,400,1.0
margin_vs_margin_baseline,1.001905598941487,1529,tighten,400,83,317,0.7925
margin_vs_margin_baseline,1.001905598941487,1530,tighten,400,400,0,0.0
margin_vs_margin_baseline,1.001905598941487,1531,tighten,400,0,400,1.0
margin_vs_margin_baseline,1.0019161957388756,1532,tighten,400,0,400,1.0
margin_vs_margin_baseline,1.0019161957388756,1533,tighten,400,39,361,0.9025
margin_vs_margin_baseline,1.0019161957388756,1534,tighten,400,89,311,0.7775
margin_vs_margin_baseline,1.0019161957388756,1535,tighten,400,400,0,0.0
margin_vs_margin_baseline,1.0019214941795993,1536,tighten,400,0,400,1.0
margin_vs_margin_baseline,1.0019214941795993,1537,tighten,400,0,400,1.0
margin_vs_margin_baseline,1.0019214941795993,1538,tighten,400,0,400,1.0
margin_vs_margin_baseline,1.0019214941795993,1539,tighten,400,0,400,1.0
margin_vs_margin_baseline,1.001905598941487,1540,tighten,400,0,400,1.0
margin_vs_margin_baseline,1.001905598941487,1541,tighten,400,0,400,1.0
margin_vs_margin_baseline,1.001905598941487,1542,tighten,400,336,64,0.16
margin_vs_margin_baseline,1.001905598941487,1543,tighten,400,0,400,1.0
margin_vs_margin_baseline,1.0019161957388756,1544,tighten,400,225,175,0.4375
margin_vs_margin_baseline,1.0019161957388756,1545,tighten,400,0,400,1.0
margin_vs_margin_baseline,1.0019161957388756,1546,tighten,400,147,253,0.6325
margin_vs_margin_baseline,1.0019161957388756,1547,tighten,400,279,121,0.3025
margin_vs_margin_baseline,1.001905598941487,1548,tighten,400,2,398,0.995
margin_vs_margin_baseline,1.001905598941487,1549,tighten,400,0,400,1.0
margin_vs_margin_baseline,1.001905598941487,1550,tighten,400,0,400,1.0
margin_vs_margin_baseline,1.001905598941487,1551,tighten,400,381,19,0.0475
margin_vs_margin_baseline,1.0019161957388756,1552,tighten,400,0,400,1.0
margin_vs_margin_baseline,1.0019161957388756,1553,tighten,400,2,398,0.995
margin_vs_margin_baseline,1.0019161957388756,1554,tighten,400,0,400,1.0
margin_vs_margin_baseline,1.0019161957388756,1555,tighten,400,297,103,0.2575
margin_vs_margin_baseline,1.0019267926483426,1556,tighten,400,0,400,1.0
margin_vs_margin_baseline,1.0019267926483426,1557,tighten,400,0,400,1.0
margin_vs_margin_baseline,1.0019267926483426,1558,tighten,400,113,287,0.7175
margin_vs_margin_baseline,1.0019267926483426,1559,tighten,400,0,400,1.0
margin_vs_margin_baseline,0.9961394622901496,1560,tighten,400,400,0,0.0
margin_vs_margin_baseline,0.9961394622901496,1561,tighten,400,400,0,0.0
margin_vs_margin_baseline,0.9961394622901496,1562,tighten,400,400,0,0.0
margin_vs_margin_baseline,0.9961394622901496,1563,tighten,400,400,0,0.0
margin_vs_margin_baseline,1.0019267926483426,1564,tighten,400,0,400,1.0
margin_vs_margin_baseline,1.0019267926483426,1565,tighten,400,0,400,1.0
margin_vs_margin_baseline,1.0019267926483426,1566,tighten,400,0,400,1.0
margin_vs_margin_baseline,1.0019267926483426,1567,tighten,400,0,400,1.0
